"A","B","jc1.x","jc2.x","jc3.x","jc4.x","qor","ci_low.x","ci_high.x","jc1.y","jc2.y","jc3.y","jc4.y","aor","ci_low.y","ci_high.y","sfx","share_2x2"
"Achillea_millefolium","Anthoxanthum_odoratum",66,16,267,96,0.394165552854231,-0.199729001973476,0.988060107681938,32,2,49,6,0.67252789335721,-0.988651406618162,2.33370719333258,"no",66
"Achillea_millefolium","Brachythecium_rutabulum",32,50,114,249,0.334967345441793,-0.1610249509337,0.830959641817285,26,8,36,19,0.539575037051977,-0.428337371665448,1.5074874457694,"no",32
"Achillea_millefolium","Centaurea_nigra",45,37,72,291,1.59240172528153,1.08668159908334,2.09812185147973,19,15,17,38,1.0407615937344,0.15455205430187,1.92697113316693,"yes",45
"Achillea_millefolium","Cerastium_fontanum",49,33,183,180,0.378783434692936,-0.108193662469877,0.865760531855748,30,4,45,10,0.510825623765991,-0.737365956970806,1.75901720450279,"no",49
"Achillea_millefolium","Cirsium_arvense",23,59,106,257,-0.0564062371934171,-0.588691236718524,0.475878762331689,19,15,30,25,0.0540672212702758,-0.806173136818213,0.914307579358764,"no",23
"Achillea_millefolium","Dactylis_glomerata",37,45,95,268,0.841365511784221,0.347434201771414,1.33529682179703,26,8,29,26,1.06945570437665,0.116472673140036,2.02243873561327,"yes",37
"Achillea_millefolium","Festuca_rubra",56,26,119,244,1.48529988489534,0.971120479055214,1.99947929073547,28,6,27,28,1.57681268511802,0.548732849624618,2.60489252061143,"yes",56
"Achillea_millefolium","Hypochaeris_radicata",22,60,38,325,1.14293691373957,0.550012050861258,1.73586177661788,13,21,9,46,1.15184373889099,0.157460254734233,2.14622722304775,"yes",22
"Achillea_millefolium","Lathyrus_pratensis",30,52,72,291,0.846610811236165,0.328453319216356,1.36476830325597,20,14,20,35,0.916290731874155,0.0397520846942376,1.79282937905407,"yes",30
"Achillea_millefolium","Lolium_perenne",44,38,148,215,0.520029228555423,0.0381283139633288,1.00193014314752,24,10,35,20,0.315852949418477,-0.603965873321451,1.2356717721584,"yes",44
"Achillea_millefolium","Lotus_corniculatus",53,29,148,215,0.976421837929196,0.477646690073304,1.47519698578509,32,2,40,15,1.79175946922805,0.244828098201316,3.33869084025479,"yes",53
"Achillea_millefolium","Luzula_campestris",40,42,68,295,1.41867748699428,0.911702973635788,1.92565200035278,24,10,16,39,1.76644166124377,0.826851734323925,2.70603158816361,"yes",40
"Achillea_millefolium","Phleum_pratense",22,60,90,273,0.10636001599091,-0.43714811440006,0.64986814638188,15,19,31,24,-0.492322152201431,-1.35388200947352,0.36923770507066,"no",22
"Achillea_millefolium","Plantago_lanceolata",29,53,55,308,1.11977051417546,0.583792917269423,1.65574811108149,14,20,14,41,0.717839793150317,-0.195712373381847,1.63139195968248,"yes",29
"Achillea_millefolium","Poa_trivialis",40,42,170,193,0.0781015876851917,-0.401490923659518,0.557694099029901,23,11,43,12,-0.538694522774783,-1.50084592396377,0.423456878414208,"no",40
"Achillea_millefolium","Prunella_vulgaris",30,52,94,269,0.501370260412563,-0.00565970162995022,1.00840022245508,18,16,30,25,-0.0645385211375712,-0.921999631366808,0.792922589091666,"no",30
"Achillea_millefolium","Ranunculus_acris",62,20,232,131,0.559862063025942,0.0122078821307988,1.10751624392109,32,2,49,6,0.67252789335721,-0.988651406618162,2.33370719333258,"no",62
"Achillea_millefolium","Ranunculus_repens",54,28,253,110,-0.176129586546034,-0.684507956294095,0.332248783202028,32,2,48,7,0.847297860387204,-0.786618702149982,2.48121442292439,"no",54
"Achillea_millefolium","Rumex_acetosa",55,27,192,171,0.59566450370302,0.0910829100849899,1.10024609732105,32,2,41,14,1.69807398515073,0.145995520325062,3.2501524499764,"yes",55
"Achillea_millefolium","Stellaria_graminea",40,42,130,233,0.534713838940686,0.0514489120677498,1.01797876581362,25,9,36,19,0.382571288242312,-0.560513559075132,1.32565613555976,"yes",40
"Achillea_millefolium","Taraxacum_officinale",28,54,124,239,-0.000597550062596682,-0.505963779711349,0.504768679586155,23,11,37,18,0.0170527883827195,-0.895915830925817,0.930021407691256,"no",28
"Achillea_millefolium","Trifolium_pratense",34,48,84,279,0.855554496686323,0.353036758105858,1.35807223526679,21,13,23,32,0.809814767132463,-0.0651235807512878,1.68475311501621,"yes",34
"Achillea_millefolium","Trifolium_repens",67,15,220,143,1.0658595021963,0.467720610344538,1.66399839404807,30,4,47,8,0.244196960512042,-1.04047790245761,1.5288718234817,"yes",67
"Agrostis_canina","Anthoxanthum_odoratum",29,6,304,106,0.521947753464264,-0.384481495690425,1.42837700261895,15,2,66,6,-0.382992252256106,-2.07868662151591,1.31270211700369,"no",29
"Ajuga_reptans","Anthoxanthum_odoratum",47,6,286,106,1.06583541577422,0.187384213859415,1.94428661768902,22,2,59,6,0.112117298120706,-1.56144080152556,1.78567539776697,"yes",47
"Ajuga_reptans","Brachythecium_rutabulum",28,25,118,274,0.955772167229409,0.374875988760662,1.53666834569816,20,4,42,23,1.00726251007988,-0.180581231168599,2.19510625132836,"yes",28
"Ajuga_reptans","Centaurea_nigra",30,23,87,305,1.52010682368583,0.926953258439024,2.11326038893264,15,9,21,44,1.25049281996083,0.274176510892126,2.22680912902953,"yes",30
"Ajuga_reptans","Festuca_rubra",23,30,152,240,0.191055236762709,-0.388910082172008,0.771020555697426,14,10,41,24,-0.199045999735149,-1.15420265057431,0.756110651104008,"no",23
"Ajuga_reptans","Juncus_conglomeratus",22,31,29,363,2.18416225315155,1.51963787580277,2.84868663050032,14,10,7,58,2.45100509811232,1.32246866415964,3.57954153206499,"yes",22
"Ajuga_reptans","Lotus_corniculatus",26,27,175,217,0.177371051634098,-0.396815811191741,0.751557914459938,22,2,50,15,1.19392246847243,-0.36439612811969,2.75224106506456,"no",26
"Ajuga_reptans","Lotus_uliginosus",24,29,99,293,0.895810759243949,0.308911333970263,1.48271018451764,20,4,40,25,1.13943428318836,-0.0447042222239034,2.32357278860063,"yes",24
"Ajuga_reptans","Luzula_campestris",22,31,86,306,0.926293054572043,0.329832847792733,1.52275326135135,16,8,24,41,1.22866541691631,0.241718494512536,2.21561233932008,"yes",22
"Ajuga_reptans","Plantago_lanceolata",21,32,63,329,1.23170955929754,0.618816659309461,1.84460245928561,11,13,17,48,0.870933582188509,-0.104132497554616,1.84599966193163,"yes",21
"Ajuga_reptans","Potentilla_reptans",23,30,55,337,1.54704657938689,0.933592343485528,2.16050081528824,16,8,17,48,1.73113484741162,0.718065351314946,2.74420434350829,"yes",23
"Ajuga_reptans","Prunella_vulgaris",28,25,96,296,1.23933994816323,0.652944991632183,1.82573490469427,20,4,28,37,1.88815131490312,0.70768232885265,3.06862030095359,"yes",28
"Ajuga_reptans","Ranunculus_acris",33,20,261,131,-0.188547796209053,-0.78229528967591,0.405199697257805,22,2,59,6,0.112117298120706,-1.56144080152556,1.78567539776697,"no",33
"Ajuga_reptans","Ranunculus_repens",29,24,278,114,-0.702180665657613,-1.28532094280704,-0.119040388508183,19,5,61,4,-1.38957843632108,-2.80162890385563,0.0224720312134685,"yes",29
"Ajuga_reptans","Rumex_acetosa",26,27,221,171,-0.29423947299794,-0.868594441759607,0.280115495763727,20,4,53,12,0.124052648669979,-1.11896639873085,1.36707169607081,"no",26
"Ajuga_reptans","Trifolium_repens",27,26,260,132,-0.64013938044631,-1.21799208014905,-0.0622866807435719,17,7,60,5,-1.5976034547871,-2.86532705922732,-0.329879850346878,"yes",27
"Alopecurus_pratensis","Anthoxanthum_odoratum",43,47,290,65,-1.58444113910138,-2.07782145904711,-1.09106081915565,33,5,48,3,-0.885519073207401,-2.38395118307384,0.612913036659037,"yes",43
"Alopecurus_pratensis","Cerastium_fontanum",47,43,185,170,0.00439009798843318,-0.45868522802313,0.467465423999997,32,6,43,8,-0.00778214044205496,-1.16097605368925,1.14541177280514,"no",47
"Alopecurus_pratensis","Cirsium_arvense",33,57,96,259,0.445936163863632,-0.042589896382176,0.934462224109439,25,13,24,27,0.771709503063047,-0.0951929369241985,1.63861194305029,"no",33
"Alopecurus_pratensis","Dactylis_glomerata",38,52,94,261,0.707568066197648,0.227402970660945,1.18773316173435,30,8,25,26,1.3609765531356,0.407209716069445,2.31474339020176,"yes",38
"Alopecurus_pratensis","Festuca_rubra",43,47,132,223,0.435422362857252,-0.0308454156017725,0.901690141316276,26,12,29,22,0.496936511605324,-0.383389749971941,1.37726277318259,"no",43
"Alopecurus_pratensis","Lathyrus_pratensis",25,65,77,278,0.328304246809517,-0.197504798936578,0.854113292555612,20,18,20,31,0.543615446588982,-0.305798941602897,1.39302983478086,"no",25
"Alopecurus_pratensis","Lolium_perenne",50,40,142,213,0.628608659422374,0.161745508297835,1.09547181054691,32,6,27,24,1.55619339791529,0.525337047682718,2.58704974814786,"yes",50
"Alopecurus_pratensis","Phleum_pratense",35,55,77,278,0.831830568093896,0.338558952395047,1.32510218379275,25,13,21,30,1.0106014113454,0.138730802267215,1.88247202042358,"yes",35
"Alopecurus_pratensis","Poa_trivialis",59,31,151,204,0.944390396449865,0.461371890382438,1.42740890251729,33,5,33,18,1.28093384546206,0.178860134385321,2.38300755653881,"yes",59
"Alopecurus_pratensis","Ranunculus_acris",61,29,233,122,0.0965606253543933,-0.396817619946108,0.589938870654895,34,4,47,4,-0.323787077093897,-1.77827131747152,1.13069716328373,"no",61
"Alopecurus_pratensis","Ranunculus_repens",62,28,245,110,-0.0058479698824231,-0.505612841283182,0.493916901518336,36,2,44,7,1.05209227303322,-0.579967836772853,2.68415238283929,"no",62
"Alopecurus_pratensis","Rumex_acetosa",59,31,188,167,0.525102089007379,0.0429485030832426,1.00725567493152,33,5,40,11,0.596085467716814,-0.557174470392754,1.74934540582638,"yes",59
"Alopecurus_pratensis","Stellaria_graminea",34,56,136,219,-0.0225743220385391,-0.499414805459423,0.454266161382345,24,14,37,14,-0.432864082296279,-1.33435933668961,0.468631172097051,"no",34
"Alopecurus_pratensis","Taraxacum_officinale",40,50,112,243,0.551419020731244,0.0792103237571813,1.02362771770531,26,12,34,17,0.0800427076735364,-0.818206637090785,0.978292052437858,"yes",40
"Alopecurus_pratensis","Trifolium_repens",59,31,228,127,0.0583916969247237,-0.427542852944491,0.544326246793938,34,4,43,8,0.458307589482544,-0.823459850491587,1.74007502945668,"no",59
"Anthoxanthum_odoratum","Brachythecium_rutabulum",128,205,18,94,1.18194330915505,0.631450512177897,1.7324361061322,59,22,3,5,1.49732061431339,-0.0154858437499943,3.01012707237678,"yes",128
"Anthoxanthum_odoratum","Bromus_hordeaceus",21,312,6,106,0.173198874797953,-0.760478976469165,1.10687672606507,13,68,2,6,-0.55594605904646,-2.26271741942881,1.15082530133589,"no",21
"Anthoxanthum_odoratum","Calliergon_cuspidatum",41,292,4,108,1.33265513044036,0.282500810480883,2.38280945039983,23,58,1,7,1.02096135443804,-1.12930852855691,3.171231237433,"yes",41
"Anthoxanthum_odoratum","Cardamine_pratensis",45,288,10,102,0.466089729924599,-0.255388282821331,1.18756774267053,24,57,2,6,0.233614851181505,-1.43627431417092,1.90350401653393,"no",45
"Anthoxanthum_odoratum","Carex_hirta",45,288,11,101,0.360927253677263,-0.336195249889003,1.05804975724353,25,56,2,6,0.292136422801161,-1.37619527882974,1.96046812443206,"no",45
"Anthoxanthum_odoratum","Centaurea_nigra",108,225,9,103,1.70353523581322,0.984657165504187,2.42241330612225,35,46,1,7,1.67261681405563,-0.468334620115228,3.81356824822649,"yes",108
"Anthoxanthum_odoratum","Cerastium_fontanum",177,156,55,57,0.162011807926371,-0.266442810187664,0.590466426040407,68,13,7,1,-0.291351801340743,-2.46905743111598,1.88635382843449,"no",177
"Anthoxanthum_odoratum","Cirsium_arvense",84,249,45,67,-0.688605968000748,-1.1401230198436,-0.2370889161579,42,39,7,1,-1.87180217690159,-4.01198189617033,0.26837754236715,"yes",84
"Anthoxanthum_odoratum","Cirsium_palustre",57,276,17,95,0.143313949661725,-0.446372150846722,0.733000050170172,27,54,2,6,0.405465108108164,-1.26021459966548,2.07114481588181,"no",57
"Anthoxanthum_odoratum","Dactylis_glomerata",86,247,46,66,-0.694027694837139,-1.14340716473249,-0.244648224941785,49,32,6,2,-0.67252789335721,-2.33370719333258,0.988651406618162,"yes",86
"Anthoxanthum_odoratum","Eurhynchium_praelongum",36,297,9,103,0.327291210546827,-0.436768553521977,1.09135097461563,26,55,1,7,1.19667350184432,-0.949952017169441,3.34329902085809,"no",36
"Anthoxanthum_odoratum","Festuca_rubra",136,197,39,73,0.256348952016808,-0.189604843879755,0.702302747913371,51,30,4,4,0.53062825106217,-0.926828034227173,1.98808453635151,"no",136
"Anthoxanthum_odoratum","Geranium_dissectum",22,311,28,84,-1.55013817015281,-2.15833544631169,-0.941940893993931,16,65,4,4,-1.40179854765586,-2.89176550650479,0.0881684111930772,"yes",22
"Anthoxanthum_odoratum","Juncus_acutiflorus",34,299,8,104,0.390866308687012,-0.410990821584769,1.19272343895879,15,66,2,6,-0.382992252256106,-2.07868662151591,1.31270211700369,"no",34
"Anthoxanthum_odoratum","Juncus_conglomeratus",43,290,8,104,0.656268550174579,-0.130957524707285,1.44349462505644,18,63,3,5,-0.741937344729377,-2.26615955075228,0.782284861293528,"no",43
"Anthoxanthum_odoratum","Juncus_effusus",34,299,13,99,-0.143912556101472,-0.822254747433374,0.534429635230431,25,56,3,5,-0.295650242100958,-1.80267291390564,1.21137242970373,"no",34
"Anthoxanthum_odoratum","Lathyrus_pratensis",83,250,19,93,0.485540203921167,-0.06686158636859,1.03794199421092,36,45,4,4,-0.22314355131421,-1.67671845478496,1.23043135215654,"no",83
"Anthoxanthum_odoratum","Leucanthemum_vulgare",45,288,4,108,1.4395388756387,0.393270196881593,2.48580755439581,16,65,1,7,0.544111601399457,-1.62143718319569,2.70966038599461,"yes",45
"Anthoxanthum_odoratum","Lolium_perenne",132,201,60,52,-0.563603829113378,-0.995019009487882,-0.132188648738875,55,26,4,4,0.749236647210989,-0.71309064819217,2.21156394261415,"yes",132
"Anthoxanthum_odoratum","Lotus_corniculatus",178,155,23,89,1.49150058717583,0.984986351935313,1.99801482241634,68,13,4,4,1.65455834771457,0.146976903826794,3.16213979160235,"yes",178
"Anthoxanthum_odoratum","Lotus_uliginosus",105,228,18,94,0.877537745576922,0.322807093095657,1.43226839805819,56,25,4,4,0.806475865866949,-0.65744489701607,2.27039662874997,"yes",105
"Anthoxanthum_odoratum","Luzula_campestris",99,234,9,103,1.5773031456703,0.856634937516081,2.29797135382453,39,42,1,7,1.87180217690159,-0.26837754236715,4.01198189617033,"yes",99
"Anthoxanthum_odoratum","Phleum_pratense",60,273,52,60,-1.37202638932219,-1.83678659768995,-0.907266180954418,40,41,6,2,-1.12330490125848,-2.78185976246817,0.535249959951204,"yes",60
"Anthoxanthum_odoratum","Plantago_lanceolata",77,256,7,105,1.50667817847633,0.700276401594872,2.31307995535779,27,54,1,7,1.25276296849537,-0.892888965584859,3.3984149025756,"yes",77
"Anthoxanthum_odoratum","Potentilla_erecta",27,306,2,110,1.57958494928442,0.126808515619855,3.03236138294898,12,69,1,7,0.196710294246054,-1.98645454049551,2.37987512898762,"yes",27
"Anthoxanthum_odoratum","Potentilla_reptans",63,270,15,97,0.411373544794331,-0.197655778230376,1.02040286781904,31,50,2,6,0.62057648772511,-1.0412963254925,2.28244930094272,"no",63
"Anthoxanthum_odoratum","Prunella_vulgaris",106,227,18,94,0.891412101004504,0.336925703714012,1.445898498295,46,35,2,6,1.37190562366779,-0.287714727540559,3.03152597487614,"yes",106
"Anthoxanthum_odoratum","Ranunculus_acris",238,95,56,56,0.918393782070934,0.478190339095495,1.35859722504637,76,5,5,3,2.21046980408624,0.517035216700478,3.903904391472,"yes",238
"Anthoxanthum_odoratum","Rumex_acetosa",196,137,51,61,0.537181964851378,0.105970398113176,0.96839353158958,67,14,6,2,0.467023001107598,-1.23380149898037,2.16784750119557,"yes",196
"Anthoxanthum_odoratum","Stellaria_graminea",128,205,42,70,0.0398459085471998,-0.401853852446383,0.481545669540783,55,26,6,2,-0.349375641457121,-2.01630928907114,1.3175580061569,"no",128
"Anthoxanthum_odoratum","Taraxacum_officinale",110,223,42,70,-0.195865781901712,-0.64139603773166,0.249664473928237,56,25,4,4,0.806475865866949,-0.65744489701607,2.27039662874997,"no",110
"Anthoxanthum_odoratum","Trifolium_dubium",24,309,3,109,1.03744814701123,-0.182501195853786,2.25739748987625,9,72,1,7,-0.133531392624523,-2.34047498048535,2.0734121952363,"no",24
"Anthoxanthum_odoratum","Trifolium_pratense",107,226,11,101,1.46951907923251,0.806063699400879,2.13297445906414,41,40,3,5,0.535518236356362,-0.960673895125736,2.03171036783846,"yes",107
"Anthoxanthum_odoratum","Trifolium_repens",220,113,67,45,0.268209598019375,-0.172431390406049,0.708850586444798,70,11,7,1,-0.0953101798043249,-2.28494858913961,2.09432822953096,"no",220
"Anthoxanthum_odoratum","Veronica_chamaedrys",43,290,13,99,0.121489685386096,-0.539493040671989,0.782472411444181,18,63,4,4,-1.25276296849537,-2.73438370269154,0.228857765700803,"no",43
"Anthoxanthum_odoratum","Veronica_serpyllifolia",37,296,12,100,0.0408219945202552,-0.648637749582864,0.730281738623374,28,53,3,5,-0.127261779610927,-1.63010453658893,1.37558097736708,"no",37
"Brachythecium_rutabulum","Calliergon_cuspidatum",29,117,16,283,1.47798007059217,0.830695193698456,2.12526494748589,23,39,1,26,2.73002910782099,0.667292455406787,4.79276576023518,"yes",29
"Brachythecium_rutabulum","Cardamine_pratensis",26,120,29,270,0.701730924251337,0.130360384975318,1.27310146352736,18,44,8,19,-0.028820438535492,-1.02034491469103,0.962704037620051,"yes",26
"Brachythecium_rutabulum","Centaurea_nigra",53,93,64,235,0.738394851183353,0.302318275577419,1.17447142678929,29,33,7,20,0.920610393018671,-0.0742569784079739,1.91547776444532,"yes",53
"Brachythecium_rutabulum","Cerastium_fontanum",93,53,139,160,0.703007461704269,0.29626681236911,1.10974811103943,56,6,19,8,1.36859478402049,0.189079569896112,2.54810999814487,"yes",93
"Brachythecium_rutabulum","Cirsium_arvense",38,108,91,208,-0.217866494213366,-0.662107107616836,0.226374119190104,36,26,13,14,0.39953037258835,-0.508419322919419,1.30748006809612,"no",38
"Brachythecium_rutabulum","Cirsium_palustre",33,113,41,258,0.608507260971449,0.0995907011648908,1.11742382077801,22,40,7,20,0.451985123743057,-0.553767421278919,1.45773766876503,"yes",33
"Brachythecium_rutabulum","Cynosurus_cristatus",27,119,42,257,0.328119839504651,-0.20195408082298,0.858193759832282,20,42,5,22,0.739667196194838,-0.367800567888997,1.84713496027867,"no",27
"Brachythecium_rutabulum","Dactylis_glomerata",35,111,97,202,-0.420625420925099,-0.871170595688437,0.0299197538382402,36,26,19,8,-0.539575037051977,-1.5074874457694,0.428337371665448,"no",35
"Brachythecium_rutabulum","Eurhynchium_praelongum",25,121,20,279,1.05856478753883,0.433055446315365,1.6840741287623,23,39,4,23,1.22113242460876,0.040897389534982,2.40136745968254,"yes",25
"Brachythecium_rutabulum","Festuca_rubra",60,86,115,184,0.110000895214328,-0.293706811387114,0.513708601815771,40,22,15,12,0.374693449441411,-0.545577261718182,1.294964160601,"no",60
"Brachythecium_rutabulum","Hypochaeris_radicata",31,115,29,270,0.920181205133797,0.368796664452926,1.47156574581467,21,41,1,26,2.5890469090406,0.52362086571133,4.65447295236986,"yes",31
"Brachythecium_rutabulum","Juncus_conglomeratus",21,125,30,269,0.409722698360806,-0.186935082581386,1.006380479303,16,46,5,22,0.425551866674902,-0.699859713724217,1.55096344707402,"no",21
"Brachythecium_rutabulum","Lathyrus_pratensis",35,111,67,232,0.0878626124524235,-0.379325725513648,0.555050950418495,26,36,14,13,-0.39953037258835,-1.30748006809612,0.508419322919419,"no",35
"Brachythecium_rutabulum","Lolium_perenne",58,88,134,165,-0.208788129982118,-0.611081690919909,0.193505430955673,40,22,19,8,-0.267160436730984,-1.24340203362306,0.709081160161093,"no",58
"Brachythecium_rutabulum","Lotus_corniculatus",78,68,123,176,0.495500761179219,0.0969970689117362,0.894004453446702,54,8,18,9,1.21639532432449,0.124787607510707,2.30800304113828,"yes",78
"Brachythecium_rutabulum","Lotus_uliginosus",49,97,74,225,0.429144628607494,-0.00328041114232358,0.861569668357312,43,19,17,10,0.286132885464952,-0.663427791456838,1.23569356238674,"no",49
"Brachythecium_rutabulum","Luzula_campestris",43,103,65,234,0.407404972925991,-0.0422118136167206,0.857021759468702,32,30,8,19,0.929535958624176,-0.035084592171599,1.89415650941995,"no",43
"Brachythecium_rutabulum","Phleum_pratense",35,111,77,222,-0.0953101798043249,-0.555271507096547,0.364651147487897,35,27,11,16,0.634204644926495,-0.283061862211885,1.55147115206488,"no",35
"Brachythecium_rutabulum","Plantago_lanceolata",40,106,44,255,0.782514271242034,0.298101535672181,1.26692700681189,22,40,6,21,0.654925967739748,-0.390950784950636,1.70080272043013,"yes",40
"Brachythecium_rutabulum","Poa_trivialis",56,90,154,145,-0.534676839588171,-0.938067087478904,-0.131286591697437,46,16,20,7,0.00623054975063616,-1.02551217180269,1.03797327130396,"yes",56
"Brachythecium_rutabulum","Potentilla_reptans",32,114,46,253,0.434285546643656,-0.0681539808774336,0.936725074164746,26,36,7,20,0.72439972406405,-0.273270039567663,1.72206948769576,"no",32
"Brachythecium_rutabulum","Prunella_vulgaris",68,78,56,243,1.33050863109191,0.894441602762228,1.7665756594216,42,20,6,21,1.99470031322475,0.942680034586227,3.04672059186326,"yes",68
"Brachythecium_rutabulum","Ranunculus_acris",110,36,184,115,0.646957798090571,0.204331289919611,1.08958430626153,58,4,23,4,0.92494879461727,-0.542723024869342,2.39262061410388,"yes",110
"Brachythecium_rutabulum","Ranunculus_repens",113,33,194,105,0.616982448340056,0.162232726062571,1.07173217061754,58,4,22,5,1.19254410850231,-0.210870536061724,2.59595875306635,"yes",113
"Brachythecium_rutabulum","Rumex_acetosa",73,73,174,125,-0.330741561912228,-0.728309513321837,0.0668263894973812,50,12,23,4,-0.322083499169113,-1.5567459713816,0.912578973043376,"no",73
"Brachythecium_rutabulum","Stellaria_graminea",56,90,114,185,0.00969939708871358,-0.397422323609022,0.416821117786449,44,18,17,10,0.363189624959926,-0.591204310330711,1.31758356025056,"no",56
"Brachythecium_rutabulum","Taraxacum_officinale",50,96,102,197,0.00590572941402734,-0.411241629895509,0.423053088723563,45,17,15,12,0.750305594399894,-0.191811892688168,1.69242308148796,"no",50
"Brachythecium_rutabulum","Trifolium_pratense",49,97,69,230,0.52108212393318,0.0847541570025314,0.957410090863828,34,28,10,17,0.724784265503128,-0.202752637203364,1.65232116820962,"yes",49
"Brachythecium_rutabulum","Trifolium_repens",109,37,178,121,0.694436964889575,0.255800616046067,1.13307331373308,55,7,22,5,0.579818495252942,-0.669815633020391,1.82945262352628,"yes",109
"Brachythecium_rutabulum","Veronica_chamaedrys",25,121,31,268,0.58008505529717,0.0111653163761614,1.14900479421818,17,45,5,22,0.508155395210112,-0.611792613089964,1.62810340351019,"no",25
"Brachythecium_rutabulum","Veronica_serpyllifolia",27,119,22,277,1.04968842572182,0.44715161498027,1.65222523646337,26,36,5,22,1.15618214048959,0.0619229668551424,2.25044131412403,"yes",27
"Calliergon_cuspidatum","Cerastium_fontanum",30,15,202,198,0.673146513853276,0.0230850998436466,1.3232079278629,23,1,52,13,1.74919985480926,-0.343169783266465,3.84156949288498,"no",30
"Calliergon_cuspidatum","Lotus_corniculatus",31,14,170,230,1.09721074674282,0.435680069903389,1.75874142358225,22,2,50,15,1.19392246847243,-0.36439612811969,2.75224106506456,"yes",31
"Calliergon_cuspidatum","Prunella_vulgaris",34,11,90,310,2.36522787896672,1.64599126877544,3.084464489158,19,5,29,36,1.55122417520198,0.451365297748799,2.65108305265515,"yes",34
"Calliergon_cuspidatum","Ranunculus_acris",33,12,261,139,0.381554437486478,-0.310472757473198,1.07358163244615,22,2,59,6,0.112117298120706,-1.56144080152556,1.78567539776697,"no",33
"Calliergon_cuspidatum","Ranunculus_repens",29,16,278,122,-0.228892961210688,-0.875326403371113,0.417540480949738,22,2,58,7,0.283362411307265,-1.36298283334126,1.92970765595579,"no",29
"Calliergon_cuspidatum","Rumex_acetosa",21,24,226,174,-0.39501109268228,-1.01313437408174,0.22311218871718,18,6,55,10,-0.606135803570316,-1.74968123844213,0.537409631301496,"no",21
"Calliergon_cuspidatum","Taraxacum_officinale",21,24,131,269,0.585982663776165,-0.0357940097424611,1.20775933729479,20,4,40,25,1.13943428318836,-0.0447042222239034,2.32357278860063,"no",21
"Calliergon_cuspidatum","Trifolium_repens",35,10,252,148,0.72054615474806,-0.010973633911961,1.45206594340808,21,3,56,9,0.117783035656383,-1.28182802142737,1.51739409274014,"no",35
"Cardamine_pratensis","Cerastium_fontanum",34,21,198,192,0.451066428225985,-0.128012082999224,1.03014493945119,24,2,51,12,1.03798766685167,-0.535646817454029,2.61162215115738,"no",34
"Cardamine_pratensis","Lolium_perenne",23,32,169,221,-0.0619777002758975,-0.633983166450069,0.510027765898274,17,9,42,21,-0.0571584138399486,-1.02008152345602,0.90576469577612,"no",23
"Cardamine_pratensis","Lotus_corniculatus",21,34,180,210,-0.32768740706548,-0.906960334262157,0.251585520131197,23,3,49,14,0.784118958765672,-0.557655769081687,2.12589368661303,"no",21
"Cardamine_pratensis","Poa_trivialis",29,26,181,209,0.253036512663977,-0.31249684825063,0.818569873578585,20,6,46,17,0.208544751893057,-0.860022597754668,1.27711210154078,"no",29
"Cardamine_pratensis","Ranunculus_repens",49,6,258,132,1.42990316654733,0.556599313670036,2.30320701942461,25,1,55,8,1.29098418131557,-0.840989381542865,3.422957744174,"yes",49
"Cardamine_pratensis","Rumex_acetosa",34,21,213,177,0.296695653757142,-0.282667103227533,0.876058410741818,22,4,51,12,0.2578291093021,-0.979295381340452,1.49495359994465,"no",34
"Cardamine_pratensis","Stellaria_graminea",24,31,146,244,0.257628229447665,-0.313376007291462,0.828632466186792,17,9,44,19,-0.203761888031824,-1.1744933028042,0.766969526740553,"no",24
"Cardamine_pratensis","Trifolium_repens",41,14,246,144,0.538996500732687,-0.101621637408897,1.17961463887427,24,2,53,10,0.817199829229924,-0.775756443093516,2.41015610155336,"no",41
"Carex_flacca","Centaurea_nigra",23,12,94,316,1.86303499745806,1.12806257115789,2.59800742375822,12,2,24,51,2.54553127160444,0.971896787298732,4.11916575591014,"yes",23
"Carex_flacca","Lotus_corniculatus",24,11,177,233,1.05504727854145,0.3151185395717,1.79497601751119,13,1,59,16,1.2600006357956,-0.847680449358052,3.36768172094925,"yes",24
"Carex_flacca","Ranunculus_repens",22,13,285,125,-0.29808234706957,-1.01525594695421,0.419091252815066,12,2,68,7,-0.481838086892738,-2.16891468591852,1.20523851213304,"no",22
"Carex_flacca","Trifolium_repens",21,14,266,144,-0.208217901097534,-0.914230093891872,0.497794291696804,10,4,67,8,-1.20896034583698,-2.58085586424675,0.162935172572804,"no",21
"Carex_hirta","Cerastium_fontanum",27,29,205,184,-0.179533185511567,-0.740218676730495,0.38115230570736,24,3,51,11,0.545511181753881,-0.820198104233603,1.91122046774136,"no",27
"Carex_hirta","Festuca_rubra",23,33,152,237,0.0831662747515243,-0.486852299577059,0.653184849080108,14,13,41,21,-0.594941656827163,-1.51501697255769,0.325133658903368,"no",23
"Carex_hirta","Lolium_perenne",22,34,170,219,-0.182044778491606,-0.754535491676142,0.390445934692929,16,11,43,19,-0.442067687085711,-1.38061197064632,0.496476596474897,"no",22
"Carex_hirta","Lotus_corniculatus",24,32,177,212,-0.107245530353598,-0.67287913630882,0.458388075601625,21,6,51,11,-0.281167391430587,-1.39820000233881,0.835865219477636,"no",24
"Carex_hirta","Poa_trivialis",39,17,171,218,1.07317980835986,0.469386341920012,1.67697327479971,24,3,42,20,1.33750419695046,0.0244365419278141,2.6505718519731,"yes",39
"Carex_hirta","Ranunculus_acris",34,22,260,129,-0.26555115539601,-0.841885820923709,0.310783510131689,25,2,56,6,0.292136422801161,-1.37619527882974,1.96046812443206,"no",34
"Carex_hirta","Ranunculus_repens",35,21,272,117,-0.332802507732251,-0.915598398914821,0.24999338345032,23,4,57,5,-0.684413500591191,-2.08553540042168,0.716708399239296,"no",35
"Carex_hirta","Rumex_acetosa",36,20,211,178,0.417712081718138,-0.164163994997611,0.999588158433886,23,4,50,12,0.322083499169113,-0.912578973043376,1.5567459713816,"no",36
"Carex_hirta","Stellaria_graminea",22,34,148,241,0.0522665884686945,-0.521757298518347,0.626290475455736,18,9,43,19,-0.123613955967177,-1.08890959733028,0.841681685395923,"no",22
"Carex_hirta","Trifolium_repens",29,27,258,131,-0.606303297738321,-1.17107365843286,-0.0415329370437839,21,6,56,6,-0.980829253011726,-2.21859605926671,0.256937553243259,"yes",29
"Centaurea_nigra","Cerastium_fontanum",50,67,182,146,-0.513069679331279,-0.939202680291838,-0.0869366783707204,28,8,47,6,-0.805625163986636,-1.96295089034004,0.351700562366768,"yes",50
"Centaurea_nigra","Cirsium_arvense",23,94,106,222,-0.668562278580642,-1.17987449826776,-0.15725005889352,14,22,35,18,-1.11696142733631,-1.99571076818408,-0.238212086488528,"yes",23
"Centaurea_nigra","Cirsium_palustre",21,96,53,275,0.126653430370036,-0.429586152375905,0.682893013115978,15,21,14,39,0.688032079893175,-0.213046476117656,1.58911063590401,"no",21
"Centaurea_nigra","Cynosurus_cristatus",27,90,42,286,0.714349388210548,0.175958488933118,1.25274028748798,13,23,12,41,0.658120558448695,-0.278022952757337,1.59426406965473,"yes",27
"Centaurea_nigra","Dactylis_glomerata",50,67,82,246,0.80594267470529,0.362507951117654,1.24937739829292,23,13,32,21,0.149331393391309,-0.725606954492441,1.02426974127506,"yes",50
"Centaurea_nigra","Festuca_rubra",73,44,102,226,1.30183199321814,0.860703073706091,1.7429609127302,25,11,30,23,0.555277386336825,-0.338019755674846,1.44857452834849,"yes",73
"Centaurea_nigra","Hypochaeris_radicata",29,88,31,297,1.14970394982582,0.590257105387828,1.70915079426381,13,23,9,44,1.01642019811443,0.028145279573161,2.0046951166557,"yes",29
"Centaurea_nigra","Lathyrus_pratensis",49,68,53,275,1.31879177704897,0.84831692005825,1.78926663403969,24,12,16,37,1.53147637096439,0.623661947732951,2.43929079419583,"yes",49
"Centaurea_nigra","Leucanthemum_vulgare",29,88,20,308,1.62432652492785,1.00733686679369,2.24131618306202,12,24,5,48,1.56861591791385,0.415987038641192,2.7212447971865,"yes",29
"Centaurea_nigra","Lolium_perenne",30,87,162,166,-1.04031928386827,-1.50836351692111,-0.572275050815424,21,15,38,15,-0.593063722002963,-1.48538731998117,0.299259875975244,"yes",30
"Centaurea_nigra","Lotus_corniculatus",84,33,117,211,1.52399343605514,1.06227244059281,1.98571443151748,33,3,39,14,1.37339095628398,0.0430346060349158,2.70374730653305,"yes",84
"Centaurea_nigra","Lotus_uliginosus",41,76,82,246,0.481451015086086,0.0267973336459502,0.936104696526223,30,6,30,23,1.34373474670109,0.312522149663095,2.37494734373909,"yes",41
"Centaurea_nigra","Luzula_campestris",56,61,52,276,1.58363497369756,1.11526245866603,2.05200748872909,23,13,17,36,1.32085045286751,0.429098603436534,2.21260230229848,"yes",56
"Centaurea_nigra","Plantago_lanceolata",56,61,28,300,2.28605579104283,1.75541242444559,2.81669915764008,20,16,8,45,1.95036449940469,0.951490689111878,2.94923830969751,"yes",56
"Centaurea_nigra","Poa_trivialis",47,70,163,165,-0.386152367245482,-0.81448248831415,0.0421777538231853,24,12,42,11,-0.646627164925052,-1.60626409121699,0.313009761366881,"no",47
"Centaurea_nigra","Potentilla_reptans",31,86,47,281,0.767846975855326,0.254037971772085,1.28165597993857,20,16,13,40,1.34707364796661,0.439479194310301,2.25466810162292,"yes",31
"Centaurea_nigra","Prunella_vulgaris",46,71,78,250,0.730713610620434,0.281005074140345,1.18042214710052,23,13,25,28,0.683873543774616,-0.184111351983492,1.55185843953272,"yes",46
"Centaurea_nigra","Ranunculus_repens",73,44,234,94,-0.405756525857567,-0.849849902938125,0.0383368512229903,33,3,47,6,0.339507140316367,-1.11615363452951,1.79516791516224,"no",73
"Centaurea_nigra","Rumex_acetosa",72,45,175,153,0.335655576714657,-0.0953721963771365,0.76668334980645,32,4,41,12,0.850776124763528,-0.371631701744852,2.07318395127191,"no",72
"Centaurea_nigra","Stellaria_graminea",53,64,117,211,0.40109302887076,-0.027332976377757,0.829519034119278,29,7,32,21,1.00017221585486,0.00807731169972814,1.99226712000999,"no",53
"Centaurea_nigra","Taraxacum_officinale",26,91,126,202,-0.780777178045641,-1.27013996927552,-0.291414386815763,23,13,37,16,-0.26778433193683,-1.16581596071793,0.630247296844273,"yes",26
"Centaurea_nigra","Trifolium_pratense",38,79,80,248,0.399540418750465,-0.0622310696764585,0.861311907177388,18,18,26,27,0.0377403279828471,-0.808947201203554,0.884427857169248,"no",38
"Centaurea_nigra","Trifolium_repens",63,54,224,104,-0.613104472886409,-1.04462154098103,-0.181587404791785,29,7,48,5,-0.84037741754263,-2.0771564191636,0.396401584078345,"yes",63
"Centaurea_nigra","Veronica_chamaedrys",26,91,30,298,1.04313313634788,0.467882026596366,1.6183842460994,10,26,12,41,0.273153971888871,-0.699340110593274,1.24564805437102,"yes",26
"Cerastium_fontanum","Cirsium_arvense",72,160,57,156,0.208297043197215,-0.203270311933469,0.6198643983279,43,32,6,8,0.583146285345617,-0.570047627901582,1.73634019859282,"no",72
"Cerastium_fontanum","Cirsium_palustre",46,186,28,185,0.491046037679015,-0.0209424507897462,1.00303452614778,25,50,4,10,0.22314355131421,-1.03186879922263,1.47815590185105,"no",46
"Cerastium_fontanum","Cynosurus_cristatus",49,183,20,193,0.9492920606201,0.391280400402134,1.50730372083807,21,54,4,10,-0.0281708769666963,-1.29254189611973,1.23620014218633,"yes",49
"Cerastium_fontanum","Dactylis_glomerata",66,166,66,147,-0.121555201577807,-0.528602647485718,0.285492244330104,46,29,9,5,-0.126441098399498,-1.31435795299832,1.06147575619932,"no",66
"Cerastium_fontanum","Eurhynchium_praelongum",25,207,20,193,0.153114946953726,-0.466729482979072,0.772959376886524,23,52,4,10,0.100541229221877,-1.15861047332768,1.35969293177143,"no",25
"Cerastium_fontanum","Festuca_rubra",93,139,82,131,0.0666036359594627,-0.314341121559475,0.447548393478401,49,26,6,8,0.921405832540925,-0.239033960305094,2.08184562538694,"no",93
"Cerastium_fontanum","Geranium_dissectum",32,200,18,195,0.550046336919272,-0.0601837303854578,1.160276404224,17,58,3,11,0.0720533176400576,-1.31430184981039,1.4584084850905,"no",32
"Cerastium_fontanum","Hypochaeris_radicata",30,202,30,183,-0.0987815445597838,-0.642947730734211,0.445384641614643,20,55,2,12,0.780158557549575,-0.801884616975256,2.36220173207441,"no",30
"Cerastium_fontanum","Juncus_conglomeratus",23,209,28,185,-0.31868872113254,-0.904668544681053,0.267291102415972,17,58,4,10,-0.310938934616048,-1.59030243001009,0.968424560777992,"no",23
"Cerastium_fontanum","Juncus_effusus",23,209,24,189,-0.143146851323965,-0.747960492698837,0.461666790050908,23,52,5,9,-0.227962837750159,-1.42632315688539,0.970397481385071,"no",23
"Cerastium_fontanum","Lathyrus_pratensis",48,184,54,159,-0.263814591045138,-0.70677434230133,0.179145160211054,33,42,7,7,-0.241162056816888,-1.38373756324033,0.901413449606555,"no",48
"Cerastium_fontanum","Leucanthemum_vulgare",26,206,23,190,0.0417502254632374,-0.552932399277144,0.636432850203619,15,60,2,12,0.405465108108164,-1.19486819051018,2.00579840672651,"no",26
"Cerastium_fontanum","Lolium_perenne",113,119,79,134,0.476656273084701,0.0977429347923531,0.855569611377049,52,23,7,7,0.815749502652278,-0.341187405754332,1.97268641105889,"yes",113
"Cerastium_fontanum","Lotus_corniculatus",109,123,92,121,0.153165495404427,-0.220975973951965,0.527306964760819,62,13,10,4,0.6458942957094,-0.658724032626621,1.95051262404542,"no",109
"Cerastium_fontanum","Luzula_campestris",54,178,54,159,-0.112879348071854,-0.546497279254017,0.32073858311031,36,39,4,10,0.836248024200619,-0.408651038058517,2.08114708645975,"no",54
"Cerastium_fontanum","Phleum_pratense",60,172,52,161,0.0770107318116834,-0.35205726166923,0.506078725292597,40,35,6,8,0.421213465076303,-0.730423051653982,1.57284998180659,"no",60
"Cerastium_fontanum","Plantago_lanceolata",38,194,46,167,-0.340919583409282,-0.817798430696942,0.135959263878378,23,52,5,9,-0.227962837750159,-1.42632315688539,0.970397481385071,"no",38
"Cerastium_fontanum","Poa_trivialis",115,117,95,118,0.199565926430618,-0.173573769079957,0.572705621941192,56,19,10,4,0.164621979694554,-1.10634201416373,1.43558597355284,"no",115
"Cerastium_fontanum","Potentilla_reptans",38,194,40,173,-0.1658598589531,-0.654881922918108,0.323162205011908,29,46,4,10,0.454945165371534,-0.794271392714174,1.70416172345724,"no",38
"Cerastium_fontanum","Prunella_vulgaris",78,154,46,167,0.609108640203623,0.184004684812275,1.03421259559497,41,34,7,7,0.187211542088146,-0.954841782529285,1.32926486670558,"yes",78
"Cerastium_fontanum","Ranunculus_acris",161,71,133,80,0.310401994395275,-0.0831359610106222,0.703939949801173,69,6,12,2,0.650587566141149,-1.06314384873075,2.36431898101305,"no",161
"Cerastium_fontanum","Ranunculus_bulbosus",21,211,14,199,0.34691179935659,-0.356540040514121,1.0503636392273,13,62,3,11,-0.262902043453294,-1.67259657759889,1.1467924906923,"no",21
"Cerastium_fontanum","Ranunculus_repens",182,50,125,88,0.941006758824555,0.525883839965287,1.35612967768382,69,6,11,3,1.14306405123894,-0.381964383235379,2.66809248571327,"yes",182
"Cerastium_fontanum","Rumex_acetosa",132,100,115,98,0.117667086905601,-0.256664647915713,0.491998821726915,60,15,13,1,-1.17865499634165,-3.28987289737437,0.932562904691079,"no",132
"Cerastium_fontanum","Stellaria_graminea",95,137,75,138,0.24366153739331,-0.140444938915023,0.627768013701644,53,22,8,6,0.591567387742025,-0.57786318623523,1.76099796171928,"no",95
"Cerastium_fontanum","Taraxacum_officinale",90,142,62,151,0.434128064498837,0.0377187867360246,0.83053734226165,54,21,6,8,1.23214368129263,0.0597355864976754,2.40455177608759,"yes",90
"Cerastium_fontanum","Trifolium_pratense",72,160,46,167,0.490844719709888,0.0620298507417198,0.919659588678057,40,35,4,10,1.04982212449868,-0.195312406385435,2.29495665538279,"yes",72
"Cerastium_fontanum","Trifolium_repens",186,46,101,112,1.50048363167794,1.08036168452036,1.92060557883552,68,7,9,5,1.68581089121867,0.343999219600223,3.02762256283713,"yes",186
"Cerastium_fontanum","Veronica_chamaedrys",35,197,21,192,0.485117267055784,-0.0912525571724455,1.06148709128401,20,55,2,12,0.780158557549575,-0.801884616975256,2.36220173207441,"no",35
"Cirsium_arvense","Dactylis_glomerata",41,88,91,225,0.141476147913671,-0.301966372401327,0.58491866822867,30,19,25,15,-0.0540672212702758,-0.914307579358764,0.806173136818212,"no",41
"Cirsium_arvense","Festuca_rubra",52,77,123,193,0.0579441302602115,-0.360272339651568,0.476160600171991,30,19,25,15,-0.0540672212702758,-0.914307579358764,0.806173136818212,"no",52
"Cirsium_arvense","Lathyrus_pratensis",32,97,70,246,0.147861218179348,-0.331878694558734,0.627601130917429,24,25,16,24,0.364643113587909,-0.480281340628758,1.20956756780458,"no",32
"Cirsium_arvense","Lolium_perenne",63,66,129,187,0.324776196858022,-0.0869360799240778,0.736488473640121,34,15,25,15,0.307484699747961,-0.575048907899618,1.19001830739554,"no",63
"Cirsium_arvense","Lotus_corniculatus",53,76,148,168,-0.233689721095065,-0.64824226385943,0.1808628216693,39,10,33,7,-0.189620859275566,-1.26100999741105,0.881768278859913,"no",53
"Cirsium_arvense","Lotus_uliginosus",22,107,101,215,-0.826268869817187,-1.34243215415423,-0.310105585480147,28,21,32,8,-1.09861228866811,-2.05797839883322,-0.139246178503,"yes",22
"Cirsium_arvense","Luzula_campestris",21,108,87,229,-0.669794904501141,-1.19841156276525,-0.141178246237033,17,32,23,17,-0.934803430616444,-1.79447140613548,-0.0751354550974114,"yes",21
"Cirsium_arvense","Phleum_pratense",44,85,68,248,0.63545941841682,0.183255011920773,1.08766382491287,31,18,15,25,1.05444107035497,0.190082655382312,1.91879948532763,"yes",44
"Cirsium_arvense","Poa_trivialis",65,64,145,171,0.180434000618051,-0.229548716872589,0.590416718108691,40,9,26,14,0.872615668371494,-0.0995151307488155,1.8447464674918,"no",65
"Cirsium_arvense","Prunella_vulgaris",31,98,93,223,-0.276407995878563,-0.74721264045684,0.194396648699715,23,26,25,15,-0.633427945858323,-1.48463332634944,0.217777434632798,"no",31
"Cirsium_arvense","Ranunculus_acris",87,42,207,109,0.0868675893349901,-0.348362785649655,0.522097964319635,44,5,37,3,-0.337553902491954,-1.83421333311385,1.15910552812994,"no",87
"Cirsium_arvense","Ranunculus_repens",102,27,205,111,0.715656169453868,0.232652289776228,1.19866004913151,47,2,33,7,1.60640300873895,-0.0269212981348868,3.23972731561278,"yes",102
"Cirsium_arvense","Rumex_acetosa",69,60,178,138,-0.114767922759722,-0.526012050519423,0.29647620499998,38,11,35,5,-0.706219262127298,-1.85878644042038,0.44634791616578,"no",69
"Cirsium_arvense","Stellaria_graminea",59,70,111,205,0.442521979682434,0.02618031036394,0.858863649000929,35,14,26,14,0.297251523467932,-0.60069827811,1.19520132504586,"yes",59
"Cirsium_arvense","Taraxacum_officinale",57,72,95,221,0.610670958735707,0.188092271447372,1.03324964602404,33,16,27,13,-0.00696866931609332,-0.898204493888521,0.884267155256334,"yes",57
"Cirsium_arvense","Trifolium_pratense",41,88,77,239,0.368893382303928,-0.0820130998943525,0.819799864502209,25,24,19,21,0.140905453077238,-0.695069112136448,0.976880018290923,"no",41
"Cirsium_arvense","Trifolium_repens",89,40,198,118,0.282174509389333,-0.155046255613006,0.719395274391672,45,4,32,8,1.03407376753054,-0.248898909064286,2.31704644412536,"no",89
"Cirsium_palustre","Juncus_acutiflorus",21,53,21,350,1.88764124093134,1.21732364043543,2.55795884142724,10,19,7,53,1.38252787832441,0.283604544987581,2.48145121166125,"yes",21
"Cirsium_palustre","Lotus_corniculatus",37,37,164,207,0.232852365441171,-0.266784401024466,0.732489131906807,24,5,48,12,0.182321556793955,-0.970307322478699,1.33495043606661,"no",37
"Cirsium_palustre","Lotus_uliginosus",30,44,93,278,0.712029368281275,0.191944128959762,1.23211460760279,26,3,34,26,1.89122026275869,0.591593677567722,3.19084684794966,"yes",30
"Cirsium_palustre","Poa_trivialis",27,47,183,188,-0.527354925717201,-1.04256754587922,-0.0121423055551803,23,6,43,17,0.415747975063748,-0.643784355304299,1.4752803054318,"no",27
"Cirsium_palustre","Prunella_vulgaris",32,42,92,279,0.837489489288683,0.320728070418198,1.35425090815917,21,8,27,33,1.16575159150574,0.205633402933656,2.12586978007782,"yes",32
"Cirsium_palustre","Ranunculus_acris",44,30,250,121,-0.3426781200094,-0.855003782623525,0.169647542604726,26,3,55,5,-0.238411023444998,-1.74388584960931,1.26706380271931,"no",44
"Cirsium_palustre","Ranunculus_repens",58,16,249,122,0.574422436575187,-0.0199268881477268,1.1687717612981,25,4,55,5,-0.56531380905006,-1.96253650881101,0.831908890710888,"no",58
"Cirsium_palustre","Rumex_acetosa",32,42,215,156,-0.592715736361767,-1.09670999691346,-0.0887214758100704,22,7,51,9,-0.589468751085104,-1.69653158419744,0.517594082027229,"yes",32
"Cirsium_palustre","Stellaria_graminea",31,43,139,232,0.185050527327202,-0.322352809566122,0.692453864220526,23,6,38,22,0.797191040333025,-0.243484544219373,1.83786662488542,"no",31
"Cirsium_palustre","Taraxacum_officinale",28,46,124,247,0.192669884709049,-0.324289228835531,0.70962899825363,21,8,39,21,0.346041687637364,-0.625847828084064,1.31793120335879,"no",28
"Cirsium_palustre","Trifolium_repens",50,24,237,134,0.163748833895981,-0.367077508784473,0.694575176576434,23,6,54,6,-0.853489830635125,-2.08584536416861,0.378865702898358,"no",50
"Cynosurus_cristatus","Festuca_rubra",30,39,145,231,0.203319703633728,-0.315987521012385,0.722626928279841,16,9,39,25,0.130678323642116,-0.82802445018667,1.0893810974709,"no",30
"Cynosurus_cristatus","Lolium_perenne",40,29,152,224,0.709349155136226,0.188837243910587,1.22986106636186,18,7,41,23,0.366383758065693,-0.645024107315209,1.3777916234466,"yes",40
"Cynosurus_cristatus","Lotus_corniculatus",45,24,156,220,0.972380198525199,0.436168472839332,1.50859192421107,21,4,51,13,0.291351801340743,-0.939162934790891,1.52186653747238,"yes",45
"Cynosurus_cristatus","Lotus_uliginosus",23,46,100,276,0.322083499169113,-0.228256369470705,0.872423367808932,20,5,40,24,0.8754687373539,-0.22748487303353,1.97842234774133,"no",23
"Cynosurus_cristatus","Luzula_campestris",22,47,86,290,0.456428478375269,-0.104170322929668,1.01702727968021,13,12,27,37,0.395123754313432,-0.533180901577905,1.32342841020477,"no",22
"Cynosurus_cristatus","Plantago_lanceolata",25,44,59,317,1.1160505209215,0.551955167897517,1.68014587394548,11,14,17,47,0.775772200836954,-0.189292048028045,1.74083644970195,"yes",25
"Cynosurus_cristatus","Poa_trivialis",36,33,174,202,0.236223775176305,-0.277798807036724,0.750246357389335,21,4,45,19,0.796004565999653,-0.400194286995296,1.9922034189946,"no",36
"Cynosurus_cristatus","Prunella_vulgaris",30,39,94,282,0.836248024200619,0.306109667186394,1.36638638121484,17,8,31,33,0.816292159357714,-0.156595898152253,1.78918021686768,"yes",30
"Cynosurus_cristatus","Ranunculus_repens",47,22,260,116,-0.0479862915574204,-0.599572167034343,0.503599583919502,22,3,58,6,-0.276253376628158,-1.74650936269888,1.19400260944257,"no",47
"Cynosurus_cristatus","Rumex_acetosa",40,29,207,169,0.118763545785167,-0.400658036910688,0.638185128481022,21,4,52,12,0.191891007810105,-1.04800559664673,1.43178761226694,"no",40
"Cynosurus_cristatus","Stellaria_graminea",25,44,145,231,-0.0996298409488413,-0.632637521046269,0.433377839148587,19,6,42,22,0.506052345013333,-0.546820386533897,1.55892507656056,"no",25
"Cynosurus_cristatus","Trifolium_pratense",42,27,76,300,1.81488188664891,1.26981230402433,2.35995146927349,18,7,26,38,1.32395123054576,0.318431064055707,2.3294713970358,"yes",42
"Cynosurus_cristatus","Trifolium_repens",55,14,232,144,0.891351783526903,0.268869919377669,1.51383364767614,22,3,55,9,0.182321556793955,-1.21476227473629,1.5794053883242,"yes",55
"Dactylis_glomerata","Festuca_rubra",76,56,99,214,1.07623781443844,0.656830124124768,1.49564550475212,41,14,14,20,1.43118968102778,0.517637514495618,2.34474184755994,"yes",76
"Dactylis_glomerata","Geranium_dissectum",26,106,24,289,1.0830303016739,0.485238736144168,1.68082186720363,15,40,5,29,0.777028664540647,-0.342317408925423,1.89637473800672,"yes",26
"Dactylis_glomerata","Lathyrus_pratensis",57,75,45,268,1.50988764503878,1.04263927231983,1.97713601775772,29,26,11,23,0.846798235095771,-0.0456619949783611,1.7392584651699,"yes",57
"Dactylis_glomerata","Lolium_perenne",57,75,135,178,0.00207192615189545,-0.40860573738681,0.412749589690601,37,18,22,12,0.114410351177744,-0.786700499051441,1.01552120140693,"no",57
"Dactylis_glomerata","Lotus_corniculatus",60,72,141,172,0.0164130296413301,-0.39219741566578,0.42502347494844,45,10,27,7,0.154150679827258,-0.923165601665958,1.23146696132047,"no",60
"Dactylis_glomerata","Lotus_uliginosus",23,109,100,213,-0.79973168657866,-1.30837871980007,-0.291084653357249,33,22,27,7,-0.944461608840851,-1.93547714076343,0.0465539230817237,"yes",23
"Dactylis_glomerata","Luzula_campestris",42,90,66,247,0.557593542554655,0.101621823964106,1.0135652611452,26,29,14,20,0.24747565197374,-0.616644022418116,1.1115953263656,"yes",42
"Dactylis_glomerata","Phleum_pratense",41,91,71,242,0.428970409302829,-0.0247854369513046,0.882726255556962,29,26,17,17,0.109199291964992,-0.746473398289616,0.9648719822196,"no",41
"Dactylis_glomerata","Plantago_lanceolata",32,100,52,261,0.473842405552901,-0.0232106067337997,0.970895417839602,19,36,9,25,0.382571288242312,-0.560513559075132,1.32565613555976,"no",32
"Dactylis_glomerata","Poa_trivialis",70,62,140,173,0.333010028892742,-0.0750182430068916,0.741038300792376,41,14,25,9,0.0528634895570678,-0.921100578270927,1.02682755738506,"no",70
"Dactylis_glomerata","Potentilla_reptans",34,98,44,269,0.751914791629167,0.248150593719667,1.25567898953867,23,32,10,24,0.545227050483323,-0.36653100603342,1.45698510700007,"yes",34
"Dactylis_glomerata","Prunella_vulgaris",32,100,92,221,-0.263060158719652,-0.729542020284488,0.203421702845183,26,29,22,12,-0.715335095535307,-1.59566135711257,0.164991166041957,"no",32
"Dactylis_glomerata","Ranunculus_acris",85,47,209,104,-0.10543969804318,-0.532348104042516,0.321468707956155,50,5,31,3,-0.0327898228229908,-1.53265912178824,1.46707947614225,"no",85
"Dactylis_glomerata","Ranunculus_repens",84,48,223,90,-0.347746313194431,-0.778650034390602,0.0831574080017401,49,6,31,3,-0.235314086934465,-1.6924079688258,1.22177979495687,"no",84
"Dactylis_glomerata","Rumex_acetosa",92,40,155,158,0.852079039042824,0.419765539463184,1.28439253862246,51,4,22,12,1.93939546803412,0.702270977391567,3.17651995867667,"yes",92
"Dactylis_glomerata","Stellaria_graminea",61,71,109,204,0.474966098747069,0.0612518245431002,0.888680372951037,40,15,21,13,0.50125617274984,-0.410109666146754,1.41262201164643,"yes",61
"Dactylis_glomerata","Taraxacum_officinale",58,74,94,219,0.602154864888746,0.181967247401114,1.02234248237638,37,18,23,11,-0.0170527883827194,-0.930021407691255,0.895915830925817,"yes",58
"Dactylis_glomerata","Trifolium_pratense",31,101,87,226,-0.226506431738411,-0.698854583144864,0.245841719668042,27,28,17,17,-0.0363676441708748,-0.891607039111234,0.818871750769485,"no",31
"Dactylis_glomerata","Trifolium_repens",78,54,209,104,-0.330218572698121,-0.749397944297563,0.0889607989013214,45,10,32,2,-1.26851132546351,-2.8529288489998,0.315906198072789,"no",78
"Dactylis_glomerata","Veronica_chamaedrys",26,106,30,283,0.838906959890497,0.268272885176212,1.40954103460478,15,40,7,27,0.369097463937289,-0.652287942336047,1.39048287021063,"yes",26
"Dactylorhiza_fuchsii","Prunella_vulgaris",24,4,100,317,2.94549105711724,1.86336293223829,4.0276191819962,10,1,38,40,2.3538783873816,0.250810452948164,4.45694632181503,"yes",24
"Dactylorhiza_fuchsii","Ranunculus_repens",24,4,283,134,1.04415237153573,-0.0341378870157298,2.12244263008719,10,1,70,8,0.133531392624523,-2.0484035284948,2.31546631374385,"no",24
"Eurhynchium_praelongum","Ranunculus_repens",34,11,273,127,0.363180543091422,-0.348539354550841,1.07490044073369,26,1,54,8,1.34855403313704,-0.782336528786442,3.47944459506053,"no",34
"Eurhynchium_praelongum","Rumex_acetosa",26,19,221,179,0.102880663178044,-0.520647666396393,0.72640899275248,22,5,51,11,-0.0523258190017398,-1.2217273905975,1.11707575259402,"no",26
"Eurhynchium_praelongum","Taraxacum_officinale",22,23,130,270,0.686435745971959,0.0656111442094148,1.3072603477345,21,6,39,23,0.724695538294871,-0.318726069234456,1.7681171458242,"yes",22
"Eurhynchium_praelongum","Trifolium_repens",32,13,255,145,0.336256742600338,-0.339847231245665,1.01236071644634,24,3,53,9,0.306374205463933,-1.08643858285773,1.6991869937856,"no",32
"Festuca_rubra","Geranium_dissectum",22,153,28,242,0.217337747947363,-0.376632839468796,0.811308335363522,10,45,10,24,-0.628608659422374,-1.63546294657397,0.378245627729225,"no",22
"Festuca_rubra","Hypochaeris_radicata",32,143,28,242,0.659624488521302,0.111912232104098,1.20733674493851,18,37,4,30,1.29435686579421,0.108733577147013,2.4799801544414,"yes",32
"Festuca_rubra","Lathyrus_pratensis",61,114,41,229,1.09482535262875,0.639689766652985,1.54996093860451,28,27,12,22,0.64250344774119,-0.237401658865764,1.52240855434815,"yes",61
"Festuca_rubra","Leucanthemum_vulgare",24,151,25,245,0.443156379209548,-0.152537943635077,1.03885070205417,12,43,5,29,0.481564451646812,-0.663102239462131,1.62623114275575,"no",24
"Festuca_rubra","Lolium_perenne",77,98,115,155,0.0573309317391084,-0.326440670403684,0.441102533881901,39,16,20,14,0.534297979951133,-0.362965952290972,1.43156191219324,"no",77
"Festuca_rubra","Lotus_corniculatus",108,67,93,177,1.12098884715383,0.726122837617444,1.51585485669021,47,8,25,9,0.749054812498241,-0.31979719533877,1.81790682033525,"yes",108
"Festuca_rubra","Lotus_uliginosus",35,140,88,182,-0.659624488521302,-1.10902657770452,-0.210222399338087,34,21,26,8,-0.696816909448908,-1.65800129071053,0.264367471812719,"yes",35
"Festuca_rubra","Luzula_campestris",80,95,28,242,1.98488295905482,1.49342362716445,2.4763422909452,34,21,6,28,2.02228312783989,0.986238613692876,3.0583276419869,"yes",80
"Festuca_rubra","Phleum_pratense",46,129,66,204,0.0972942439452136,-0.338974390722214,0.533562878612641,29,26,17,17,0.109199291964992,-0.746473398289616,0.9648719822196,"no",46
"Festuca_rubra","Plantago_lanceolata",43,132,41,229,0.598548129957123,0.120096803264544,1.0769994566497,18,37,10,24,0.15492258260584,-0.77323468635019,1.08307985156187,"yes",43
"Festuca_rubra","Poa_trivialis",68,107,142,128,-0.557117922967443,-0.943722297635057,-0.170513548299829,38,17,28,6,-0.736072225276979,-1.78704219349539,0.314897742941431,"yes",68
"Festuca_rubra","Potentilla_reptans",46,129,32,238,0.975363762999171,0.475879964553126,1.47484756144522,24,31,9,25,0.765717873394781,-0.164065806692299,1.69550155348186,"yes",46
"Festuca_rubra","Prunella_vulgaris",54,121,70,200,0.243015625466211,-0.177671314040258,0.66370256497268,30,25,18,16,0.0645385211375712,-0.792922589091666,0.921999631366808,"no",54
"Festuca_rubra","Ranunculus_acris",126,49,168,102,0.445470442721864,0.0338658987071082,0.857074986736619,50,5,31,3,-0.0327898228229908,-1.53265912178824,1.46707947614225,"yes",126
"Festuca_rubra","Ranunculus_bulbosus",29,146,6,264,2.1678788421964,1.26588134990357,3.06987633448922,15,40,1,33,2.51567830845475,0.439586116889363,4.59177050002014,"yes",29
"Festuca_rubra","Ranunculus_repens",101,74,206,64,-0.857937661792819,-1.26857460699769,-0.447300716587946,49,6,31,3,-0.235314086934465,-1.6924079688258,1.22177979495687,"yes",101
"Festuca_rubra","Rhytidiadelphus_squarrosus",21,154,17,253,0.707745979981098,0.0376419222480147,1.37785003771418,13,42,4,30,0.842182759720433,-0.37248908580316,2.05685460524403,"no",21
"Festuca_rubra","Rumex_acetosa",121,54,126,144,0.940337891656989,0.540267688145173,1.34040809516881,47,8,26,8,0.592051063688577,-0.498769735694444,1.6828718630716,"yes",121
"Festuca_rubra","Stellaria_graminea",84,91,86,184,0.680545753681941,0.288759145615581,1.0723323617483,38,17,23,11,0.0667738725393905,-0.851558125173433,0.985105870252214,"yes",84
"Festuca_rubra","Taraxacum_officinale",55,120,97,173,-0.201577941555179,-0.606140063013389,0.202984179903031,36,19,24,10,-0.23638877806423,-1.16003765694732,0.687260100818859,"no",55
"Festuca_rubra","Trifolium_pratense",56,119,62,208,0.456631892279846,0.0308233977274386,0.882440386832254,31,24,13,21,0.735506454399087,-0.137666078925716,1.60867898772389,"yes",56
"Festuca_rubra","Trifolium_repens",120,55,167,103,0.296893733362456,-0.105798812202542,0.699586278927454,47,8,30,4,-0.244196960512042,-1.5288718234817,1.04047790245761,"no",120
"Festuca_rubra","Veronica_chamaedrys",28,147,28,242,0.49850513937795,-0.0639961615082101,1.06100644026411,13,42,9,25,-0.15106901328985,-1.13467605038282,0.832538023803116,"no",28
"Geranium_dissectum","Lolium_perenne",31,19,161,234,0.863464975691944,0.258163383168281,1.46876656821561,14,6,45,24,0.218689200964829,-0.858391214891954,1.29576961682161,"yes",31
"Geranium_dissectum","Lotus_corniculatus",22,28,179,216,-0.0532694549734781,-0.645776686589543,0.539237776642587,16,4,56,13,-0.0741079721537218,-1.32495076495692,1.17673482064947,"no",22
"Geranium_dissectum","Poa_trivialis",34,16,176,219,0.972359537154729,0.345895603210559,1.5988234710989,17,3,49,20,0.838513030831471,-0.494524779555605,2.17155084121855,"yes",34
"Geranium_dissectum","Ranunculus_acris",34,16,260,135,0.0983649497992818,-0.531174497897047,0.727904397495611,19,1,62,7,0.763214743176662,-1.39422604720596,2.92065553355928,"no",34
"Geranium_dissectum","Ranunculus_repens",31,19,276,119,-0.351729147286915,-0.961903915570772,0.258445620996942,19,1,61,8,0.913006656672965,-1.22871380194542,3.05472711529135,"no",31
"Geranium_dissectum","Rumex_acetosa",30,20,217,178,0.20735130485979,-0.392163984029238,0.806866593748818,16,4,57,12,-0.171850256926659,-1.43202081068571,1.0883202968324,"no",30
"Geranium_dissectum","Stellaria_graminea",22,28,148,247,0.271014006046974,-0.323399970077566,0.865427982171514,13,7,48,21,-0.207639364778244,-1.25991041302312,0.844631683466626,"no",22
"Geranium_dissectum","Taraxacum_officinale",27,23,125,270,0.930450871771253,0.335246271162226,1.52565547238028,15,5,45,24,0.470003629245736,-0.65687800705074,1.59688526554221,"yes",27
"Geranium_dissectum","Trifolium_repens",35,15,252,143,0.280713403135688,-0.358016153699947,0.919442959971323,17,3,60,9,-0.162518929497775,-1.57580620214714,1.25076834315159,"no",35
"Hordeum_secalinum","Trifolium_repens",21,3,266,155,1.40583895719286,0.179995048671528,2.63168286571419,9,1,68,11,0.375612144958483,-1.78637188035897,2.53759617027594,"yes",21
"Hypochaeris_radicata","Leucanthemum_vulgare",29,31,20,365,2.83747370552983,2.15998091762043,3.51496649343923,10,12,7,60,1.96611285637283,0.818454370585358,3.11377134216031,"yes",29
"Hypochaeris_radicata","Lotus_corniculatus",41,19,160,225,1.11005967450846,0.529567803387427,1.69055154562949,19,3,53,14,0.514592106561468,-0.838037120494294,1.86722133361723,"yes",41
"Hypochaeris_radicata","Luzula_campestris",37,23,71,314,1.96213680558201,1.38145225167901,2.54282135948501,16,6,24,43,1.56397553835734,0.501067796256904,2.62688328045778,"yes",37
"Hypochaeris_radicata","Plantago_lanceolata",45,15,39,346,3.28148941759619,2.60986377050435,3.95311506468803,15,7,13,54,2.18617474114963,1.10379075211658,3.26855873018269,"yes",45
"Hypochaeris_radicata","Prunella_vulgaris",36,24,88,297,1.62186043243266,1.05320675631071,2.1905141085546,18,4,30,37,1.71379792775834,0.528174639111151,2.89942121640553,"yes",36
"Hypochaeris_radicata","Ranunculus_acris",43,17,251,134,0.300373632456474,-0.299034276626517,0.899781541539464,21,1,60,7,0.896088024556636,-1.25736501649162,3.0495410656049,"no",43
"Hypochaeris_radicata","Ranunculus_repens",43,17,264,121,0.147828214087771,-0.453517178306691,0.749173606482234,21,1,59,8,1.04642653549754,-1.0912930901176,3.18414616111267,"no",43
"Hypochaeris_radicata","Rumex_acetosa",30,30,217,168,-0.255933374137201,-0.800613609816617,0.288746861542216,20,2,53,14,0.971350509057182,-0.597012656433491,2.53971367454786,"no",30
"Hypochaeris_radicata","Taraxacum_officinale",31,29,121,264,0.846849932048247,0.296675576371343,1.39702428772515,17,5,43,24,0.640629146276499,-0.474585035904943,1.75584332845794,"yes",31
"Hypochaeris_radicata","Trifolium_pratense",36,24,82,303,1.71247866635328,1.14124744686299,2.28370988584357,15,7,29,38,1.03243038178681,0.0133767183195634,2.05148404525405,"yes",36
"Hypochaeris_radicata","Trifolium_repens",47,13,240,145,0.781293063327105,0.133416283151605,1.42916984350261,19,3,58,9,-0.0173917427118692,-1.42302389025994,1.3882404048362,"yes",47
"Juncus_acutiflorus","Ranunculus_acris",29,13,265,138,0.14987033169592,-0.535921869162284,0.835662532554124,15,2,66,6,-0.382992252256106,-2.07868662151591,1.31270211700369,"no",29
"Juncus_acutiflorus","Ranunculus_repens",28,14,279,124,-0.117783035656384,-0.793319726583331,0.557753655270564,15,2,65,7,-0.213574100298059,-1.88234856232946,1.45520036173335,"no",28
"Juncus_acutiflorus","Rumex_acetosa",28,14,219,184,0.51901120835243,-0.151823952757198,1.18984636946206,14,3,59,13,0.0278569545029663,-1.35617804868438,1.41189195769032,"no",28
"Juncus_conglomeratus","Lotus_corniculatus",21,30,180,214,-0.183655779807091,-0.775500599635776,0.408189040021593,18,3,54,14,0.441832752279039,-0.91444756398906,1.79811306854714,"no",21
"Juncus_conglomeratus","Lotus_uliginosus",29,22,94,300,1.43674106901436,0.836107598605705,2.03737453942301,19,2,41,27,1.83355659790652,0.297663204424631,3.3694499913884,"yes",29
"Juncus_conglomeratus","Poa_trivialis",23,28,187,207,-0.0951001178352717,-0.681041972092862,0.490841736422319,16,5,50,18,0.141499562273699,-0.998094322503778,1.28109344705118,"no",23
"Juncus_conglomeratus","Ranunculus_acris",30,21,264,130,-0.351739708752001,-0.947633114529369,0.244153697025367,19,2,62,6,-0.0840831172105414,-1.76492142908752,1.59675519466644,"no",30
"Juncus_conglomeratus","Ranunculus_repens",34,17,273,121,-0.120534069028273,-0.740844685642826,0.499776547586279,17,4,63,5,-1.08677783102111,-2.50652226167263,0.332966599630415,"no",34
"Juncus_conglomeratus","Rumex_acetosa",23,28,224,170,-0.472557909050832,-1.05905064900193,0.113934830900265,14,7,59,9,-1.18716568600955,-2.33396833200023,-0.040363040018875,"no",23
"Juncus_conglomeratus","Trifolium_repens",24,27,263,131,-0.814739744632996,-1.40319550600704,-0.226283983258952,14,7,63,5,-1.84054963339749,-3.12604478227117,-0.555054484523802,"yes",24
"Juncus_effusus","Lotus_uliginosus",21,26,102,296,0.85181254074173,0.234294684349223,1.46933039713424,23,5,37,24,1.09319222119877,-0.00190584776592972,2.18829029016347,"yes",21
"Juncus_effusus","Ranunculus_acris",30,17,264,134,-0.110125265589465,-0.740402962949527,0.520152431770596,25,3,56,5,-0.295650242100958,-1.80267291390564,1.21137242970373,"no",30
"Juncus_effusus","Ranunculus_repens",29,18,278,120,-0.363205298818282,-0.989083263048345,0.262672665411781,24,4,56,5,-0.624154309072994,-2.02322066442097,0.774912046274981,"no",29
"Juncus_effusus","Rumex_acetosa",22,25,225,173,-0.390642179216526,-0.996910881973629,0.215626523540577,23,5,50,11,0.0119285708652738,-1.15486809119409,1.17872523292464,"no",22
"Juncus_effusus","Trifolium_repens",30,17,257,141,-0.0323321569111122,-0.661794668832727,0.597130355010503,24,4,53,8,-0.0990909026442309,-1.39259377683299,1.19441197154453,"no",30
"Lathyrus_pratensis","Lolium_perenne",33,69,159,184,-0.591567387742025,-1.05753600330517,-0.125598772178879,26,14,33,16,-0.104879630820476,-0.987300146995143,0.777540885354192,"yes",33
"Lathyrus_pratensis","Lotus_corniculatus",56,46,145,198,0.508243582520015,0.0632617213349445,0.953225443705086,33,7,39,10,0.189620859275566,-0.881768278859913,1.26100999741105,"yes",56
"Lathyrus_pratensis","Lotus_uliginosus",26,76,97,246,-0.142016244835869,-0.645525528214875,0.361493038543137,30,10,30,19,0.641853886172395,-0.276000209177665,1.55970798152245,"no",26
"Lathyrus_pratensis","Luzula_campestris",38,64,70,273,0.839679629502315,0.360021906001587,1.31933735300304,23,17,17,32,0.934803430616444,0.0751354550974114,1.79447140613548,"yes",38
"Lathyrus_pratensis","Phleum_pratense",24,78,88,255,-0.114728265661426,-0.632451736456126,0.402995205133273,23,17,23,26,0.424883193965266,-0.416414904603324,1.26618129253386,"no",24
"Lathyrus_pratensis","Plantago_lanceolata",31,71,53,290,0.870896336872229,0.357321085990402,1.38447158775406,17,23,11,38,0.937410015055082,0.0190780173422577,1.85574201276791,"yes",31
"Lathyrus_pratensis","Poa_trivialis",54,48,156,187,0.299035645261433,-0.14407047138303,0.742141761905896,30,10,36,13,0.0800427076735364,-0.876216742869117,1.03630215821619,"no",54
"Lathyrus_pratensis","Potentilla_reptans",31,71,47,296,1.01151918005783,0.489270033108001,1.53376832700766,22,18,11,38,1.44036158239017,0.524735291527528,2.35598787325281,"yes",31
"Lathyrus_pratensis","Prunella_vulgaris",30,72,94,249,0.0986893768408039,-0.388860709247868,0.586239462929475,21,19,27,22,-0.104710954089031,-0.942578766048177,0.733156857870115,"no",30
"Lathyrus_pratensis","Ranunculus_repens",59,43,248,95,-0.643214526352284,-1.10188610450814,-0.184542948196424,35,5,45,4,-0.474457979595116,-1.861486778463,0.91257081927277,"yes",59
"Lathyrus_pratensis","Rumex_acetosa",75,27,172,171,1.01582032722119,0.527657244213298,1.50398341022908,35,5,38,11,0.706219262127298,-0.44634791616578,1.85878644042038,"yes",75
"Lathyrus_pratensis","Stellaria_graminea",62,40,108,235,1.21570921795109,0.75754015010004,1.67387828580215,32,8,29,20,1.01473080468741,0.0530661201339812,1.97639548924083,"yes",62
"Lathyrus_pratensis","Taraxacum_officinale",33,69,119,224,-0.105076384387269,-0.575735322974584,0.365582554200047,28,12,32,17,0.214775301643693,-0.68152810899445,1.11107871228184,"no",33
"Lathyrus_pratensis","Trifolium_pratense",34,68,84,259,0.432864082296279,-0.0467692346312905,0.912497399223848,22,18,22,27,0.405465108108164,-0.434141982941016,1.24507219915735,"no",34
"Lathyrus_pratensis","Trifolium_repens",59,43,228,115,-0.368076172379034,-0.820520356217021,0.0843680114589537,36,4,41,8,0.563094052311747,-0.717924554924978,1.84411265954847,"no",59
"Lathyrus_pratensis","Veronica_chamaedrys",28,74,28,315,1.44850754562146,0.866692223488169,2.03032286775476,15,25,7,42,1.28093384546206,0.256220552226667,2.30564713869746,"yes",28
"Leucanthemum_vulgare","Lotus_corniculatus",33,16,168,228,1.02930048877788,0.399834118996456,1.65876685855931,15,2,57,15,0.679901953809925,-0.901366468868971,2.26117037648882,"yes",33
"Leucanthemum_vulgare","Luzula_campestris",26,23,82,314,1.46527606073633,0.853832597689559,2.07671952378311,13,4,27,45,1.68948062010764,0.471466637150929,2.90749460306434,"yes",26
"Leucanthemum_vulgare","Plantago_lanceolata",34,15,50,346,2.75272609314353,2.07668630723282,3.42876587905424,12,5,16,56,2.12823170584927,0.946219297566963,3.31024411413157,"yes",34
"Leucanthemum_vulgare","Prunella_vulgaris",32,17,92,304,1.82776168310069,1.1949743298511,2.46054903635029,15,2,33,39,2.18195710520543,0.635405666687671,3.72850854372319,"yes",32
"Leucanthemum_vulgare","Ranunculus_acris",42,7,252,144,1.23214368129263,0.406196413672666,2.0580909489126,16,1,65,7,0.544111601399457,-1.62143718319569,2.70966038599461,"yes",42
"Leucanthemum_vulgare","Rumex_acetosa",21,28,226,170,-0.572418634673805,-1.17219293429046,0.0273556649428529,15,2,58,14,0.593517339611104,-0.993158792882634,2.18019347210484,"no",21
"Leucanthemum_vulgare","Trifolium_pratense",25,24,93,303,1.22195530687637,0.615558785280826,1.82835182847191,12,5,32,40,1.09861228866811,-0.0435537821523,2.24077835948852,"yes",25
"Leucanthemum_vulgare","Trifolium_repens",32,17,255,141,0.0400189039632526,-0.583147974728461,0.663185782654966,15,2,62,10,0.190353728491219,-1.42922274608145,1.80993020306389,"no",32
"Lolium_perenne","Lotus_corniculatus",73,119,128,125,-0.512380578580454,-0.894024798339411,-0.130736358821497,47,12,25,5,-0.244196960512042,-1.39478528982279,0.906391368798706,"yes",73
"Lolium_perenne","Lotus_uliginosus",31,161,92,161,-1.08780137256389,-1.54975466188515,-0.62584808324264,32,27,28,2,-2.46915829281986,-3.99242172423331,-0.94589486140641,"yes",31
"Lolium_perenne","Luzula_campestris",32,160,76,177,-0.764021520146602,-1.22911433155451,-0.298928708738694,27,32,13,17,0.0983649497992818,-0.786968684700961,0.983698584299525,"yes",32
"Lolium_perenne","Phleum_pratense",66,126,46,207,0.857450231851222,0.420682047250408,1.29421841645204,33,26,13,17,0.506675010039678,-0.379694061093727,1.39304408117308,"yes",66
"Lolium_perenne","Poa_trivialis",102,90,108,145,0.419765658250361,0.0423913705513944,0.797139945949327,47,12,19,11,0.818697245553988,-0.157671199689237,1.79506569079721,"yes",102
"Lolium_perenne","Potentilla_reptans",26,166,52,201,-0.501830060857413,-1.01552780828912,0.0118676865742977,22,37,11,19,0.0266682470821613,-0.884304335472211,0.937640829636534,"no",26
"Lolium_perenne","Prunella_vulgaris",37,155,87,166,-0.786427534573063,-1.22904478872143,-0.343810280424697,27,32,21,9,-1.0171968971826,-1.95106479965021,-0.0833289947149881,"yes",37
"Lolium_perenne","Ranunculus_acris",125,67,169,84,-0.0754607981684248,-0.471105598100023,0.320184001763174,53,6,28,2,-0.460524885291192,-2.12508178895492,1.20403201837254,"no",125
"Lolium_perenne","Ranunculus_bulbosus",25,167,10,243,1.29135836279795,0.531992412605083,2.05072431299081,13,46,3,27,0.933532538308661,-0.408792143205006,2.27585721982233,"yes",25
"Lolium_perenne","Ranunculus_repens",138,54,169,84,0.23918772251317,-0.17001041553274,0.648385860559081,53,6,27,3,-0.0186921330121525,-1.48004920790843,1.44266494188413,"no",138
"Lolium_perenne","Rumex_acetosa",99,93,148,105,-0.280731566625258,-0.658428522807306,0.0969653895567908,50,9,23,7,0.52521436121809,-0.579096524085938,1.62952524652212,"no",99
"Lolium_perenne","Stellaria_graminea",56,136,114,139,-0.689027710264707,-1.08674961626123,-0.291305804268184,38,21,23,7,-0.596520344870874,-1.59644742077789,0.403406731036145,"yes",56
"Lolium_perenne","Taraxacum_officinale",71,121,81,172,0.219934653585589,-0.174549625947648,0.614418933118825,43,16,17,13,0.720347406859102,-0.202107848304881,1.64280266202308,"no",71
"Lolium_perenne","Trifolium_pratense",60,132,58,195,0.424099187653057,0.000938824966722429,0.847259550339392,35,24,9,21,1.22459209152867,0.286719795080779,2.16246438797656,"no",60
"Lolium_perenne","Trifolium_repens",151,41,136,117,1.15322681917232,0.728703713280573,1.57774992506407,57,2,20,10,2.65675690671466,1.05537110334682,4.2581427100825,"yes",151
"Lolium_perenne","Veronica_serpyllifolia",21,171,28,225,-0.0132452267500207,-0.612972338182491,0.586481884682449,19,40,12,18,-0.338975366839331,-1.25099786066268,0.57304712698402,"no",21
"Lotus_corniculatus","Lotus_uliginosus",55,146,68,176,-0.0252971466138204,-0.443006365890493,0.392412072662852,53,19,7,10,1.38252787832441,0.283604544987581,2.48145121166125,"no",55
"Lotus_corniculatus","Luzula_campestris",89,112,19,225,2.24179892147502,1.69707211250946,2.78652573044059,37,35,3,14,1.59601489210196,0.266157621429516,2.9258721627744,"yes",89
"Lotus_corniculatus","Phleum_pratense",45,156,67,177,-0.271736404296354,-0.706518876516228,0.16304606792352,38,34,8,9,0.229008670766608,-0.829824373948501,1.28784171548172,"no",45
"Lotus_corniculatus","Plantago_lanceolata",60,141,24,220,1.36115838784835,0.842698609672574,1.87961816602412,26,46,2,15,1.44435816207465,-0.107470938148299,2.9961872622976,"yes",60
"Lotus_corniculatus","Poa_trivialis",74,127,136,108,-0.770645651866254,-1.1527186312891,-0.388572672443407,52,20,14,3,-0.584933595919713,-1.93433726288163,0.7644700710422,"yes",74
"Lotus_corniculatus","Potentilla_reptans",46,155,32,212,0.676066651442134,0.179610898807245,1.17252240407702,31,41,2,15,1.7353181583231,0.187892293123921,3.28274402352229,"yes",46
"Lotus_corniculatus","Prunella_vulgaris",78,123,46,198,1.00415010552261,0.575899167337108,1.43240104370812,41,31,7,10,0.636259806157894,-0.436391181638589,1.70891079395438,"yes",78
"Lotus_corniculatus","Ranunculus_acris",143,58,151,93,0.41772127605182,0.0179120654183902,0.817530486685249,67,5,14,3,1.05480966600972,-0.488106613885653,2.59772594590509,"no",143
"Lotus_corniculatus","Rhytidiadelphus_squarrosus",31,170,7,237,1.8203387595147,0.976816673019982,2.66386084600942,16,56,1,16,1.51982575374441,-0.575502382848994,3.61515389033782,"yes",31
"Lotus_corniculatus","Rumex_acetosa",127,74,120,124,0.572911816077412,0.19191796979407,0.953905662360754,62,10,11,6,1.21841348848073,0.0202380753522473,2.41658890160921,"yes",127
"Lotus_corniculatus","Stellaria_graminea",93,108,77,167,0.624656656592108,0.237652264940836,1.01166104824338,54,18,7,10,1.45528723260684,0.351873002608442,2.55870146260524,"yes",93
"Lotus_corniculatus","Taraxacum_officinale",63,138,89,155,-0.229330211578565,-0.625264574838501,0.16660415168137,47,25,13,4,-0.547383219499788,-1.76857438492822,0.673807945928646,"no",63
"Lotus_corniculatus","Trifolium_pratense",80,121,38,206,1.27652609814034,0.829858390708957,1.72319380557172,39,33,5,12,1.04252282201707,-0.0991286215715708,2.1841742656057,"yes",80
"Lotus_corniculatus","Trifolium_repens",150,51,137,107,0.831657570005711,0.425603587740457,1.23771155227097,61,11,16,1,-1.05961013086484,-3.17949536663037,1.06027510490069,"yes",150
"Lotus_corniculatus","Veronica_chamaedrys",35,166,21,223,0.806009606869566,0.228894013736242,1.38312520000289,20,52,2,15,1.05939157551483,-0.503574703629923,2.62235785465958,"yes",35
"Lotus_corniculatus","Veronica_serpyllifolia",36,165,13,231,1.35504181761579,0.690112099005217,2.01997153622636,28,44,3,14,1.08845991720409,-0.245497512492383,2.42241734690057,"yes",36
"Lotus_uliginosus","Luzula_campestris",27,96,81,241,-0.178163546645291,-0.673810152206785,0.317483058916203,28,32,12,17,0.214775301643693,-0.68152810899445,1.11107871228184,"no",27
"Lotus_uliginosus","Plantago_lanceolata",34,89,50,272,0.731503215751873,0.234403819604882,1.22860261189886,21,39,7,22,0.526093095896779,-0.476331005596236,1.52851719738979,"yes",34
"Lotus_uliginosus","Poa_trivialis",56,67,154,168,-0.0923295516661871,-0.509162173524118,0.324503070191744,44,16,22,7,-0.133531392624523,-1.15863005749892,0.891567272249875,"no",56
"Lotus_uliginosus","Potentilla_reptans",23,100,55,267,0.110239503108837,-0.427977344142406,0.64845635036008,22,38,11,18,-0.0540672212702758,-0.969693512132914,0.861559069592363,"no",23
"Lotus_uliginosus","Prunella_vulgaris",45,78,79,243,0.573567253954255,0.127409128914064,1.01972537899445,34,26,14,15,0.337256858081631,-0.552264781966901,1.22677849813016,"yes",45
"Lotus_uliginosus","Ranunculus_acris",84,39,210,112,0.138646493291293,-0.305007911363085,0.582300897945671,57,3,24,5,1.3758230612526,-0.132923601122527,2.88456972362772,"no",84
"Lotus_uliginosus","Rumex_acetosa",63,60,184,138,-0.238891908282349,-0.65568968475606,0.177905868191362,49,11,24,5,-0.0746908926015892,-1.23917491151427,1.08979312631109,"no",63
"Lotus_uliginosus","Stellaria_graminea",45,78,125,197,-0.0951563454835847,-0.525102247376351,0.334789556409182,43,17,18,11,0.435510286539552,-0.501492697089925,1.37251327016903,"no",45
"Lotus_uliginosus","Taraxacum_officinale",32,91,120,202,-0.524347649097965,-0.986188032489127,-0.062507265706802,38,22,22,7,-0.598588597934933,-1.59815405375985,0.400976857889982,"yes",32
"Lotus_uliginosus","Trifolium_pratense",39,84,79,243,0.35635843815986,-0.100448741112868,0.813165617432587,28,32,16,13,-0.341170757402767,-1.23159632549237,0.549254810686836,"no",39
"Luzula_campestris","Plantago_lanceolata",44,64,40,297,1.63015923524735,1.12388977039314,2.13642870010157,19,21,9,40,1.39157141822073,0.438677273280181,2.34446556316129,"yes",44
"Luzula_campestris","Poa_trivialis",35,73,175,162,-0.812301018350107,-1.26842626187557,-0.356175774824647,25,15,41,8,-1.12330490125848,-2.11510539916231,-0.131504403354656,"yes",35
"Luzula_campestris","Potentilla_reptans",32,76,46,291,0.979684433195793,0.462662396460645,1.49670646993094,21,19,12,37,1.22609472141321,0.326604217084282,2.12558522574213,"yes",32
"Luzula_campestris","Prunella_vulgaris",43,65,81,256,0.737541135605049,0.278330417264235,1.19675185394586,27,13,21,28,1.01856958099457,0.147982131554537,1.88915703043461,"yes",43
"Luzula_campestris","Ranunculus_acris",81,27,213,124,0.557601688563721,0.0690067971784628,1.04619657994898,39,1,42,7,1.87180217690159,-0.26837754236715,4.01198189617033,"yes",81
"Luzula_campestris","Ranunculus_repens",56,52,251,86,-0.996997670724554,-1.44694418954835,-0.547051151900759,32,8,48,1,-2.484906649788,-4.61137868894895,-0.35843461062705,"yes",56
"Luzula_campestris","Rhytidiadelphus_squarrosus",25,83,13,324,2.0158293754024,1.3035704198388,2.72808833096599,12,28,5,44,1.32745386109696,0.18160813664605,2.47329958554786,"yes",25
"Luzula_campestris","Rumex_acetosa",70,38,177,160,0.509933164982971,0.0608355234345377,0.959030806531404,36,4,37,12,1.07121331448,-0.149881060034715,2.29230768899471,"yes",70
"Luzula_campestris","Stellaria_graminea",52,56,118,219,0.544279133197114,0.10544612647163,0.983112139922598,30,10,31,18,0.554996842079128,-0.366717938208525,1.47671162236678,"yes",52
"Luzula_campestris","Taraxacum_officinale",37,71,115,222,0.00598328911193834,-0.45079213839742,0.462758716621297,28,12,32,17,0.214775301643693,-0.68152810899445,1.11107871228184,"no",37
"Luzula_campestris","Trifolium_pratense",48,60,70,267,1.11560986503668,0.65373540700585,1.57748432306751,27,13,17,32,1.3634100672863,0.47807643278606,2.24874370178655,"yes",48
"Luzula_campestris","Trifolium_repens",76,32,211,126,0.349421210962016,-0.118865979105182,0.817708401029213,34,6,43,6,-0.234839591077401,-1.45256743567617,0.982888253521371,"no",76
"Phleum_pratense","Poa_trivialis",76,36,134,199,1.1426794266038,0.689654417513082,1.59570443569452,41,5,25,18,1.77563008729817,0.66698055602247,2.88427961857387,"yes",76
"Phleum_pratense","Prunella_vulgaris",25,87,99,234,-0.386831028563271,-0.889863290212775,0.116201233086232,26,20,22,21,0.215844248832598,-0.619251770380379,1.05094026804558,"no",25
"Phleum_pratense","Ranunculus_acris",67,45,227,106,-0.363480793748689,-0.80605401907226,0.0790924315748814,42,4,39,4,0.0741079721537218,-1.37874068850204,1.52695663280948,"no",67
"Phleum_pratense","Ranunculus_repens",84,28,223,110,0.391920883000407,-0.0929336060234299,0.876775372024244,43,3,37,6,0.843429383609283,-0.610519226868662,2.29737799408723,"no",84
"Phleum_pratense","Rumex_acetosa",58,54,189,144,-0.200474751501497,-0.629868425422137,0.228918922419143,39,7,34,9,0.388515549794391,-0.701041811633233,1.47807291122202,"no",58
"Phleum_pratense","Stellaria_graminea",43,69,127,206,0.0107826934272928,-0.429572004276183,0.451137391130769,29,17,32,11,-0.533758144071098,-1.44355581374378,0.376039525601583,"no",43
"Phleum_pratense","Taraxacum_officinale",45,67,107,226,0.349676035189733,-0.0925990332332312,0.791951103612698,31,15,29,14,-0.00230149698827927,-0.889374330992945,0.884771337016386,"no",45
"Phleum_pratense","Trifolium_pratense",26,86,92,241,-0.233242401790411,-0.733362771599013,0.266877968018191,24,22,20,23,0.226773319364789,-0.606167816275282,1.05971445500486,"no",26
"Phleum_pratense","Trifolium_repens",81,31,206,127,0.476772867856303,0.00746795234193631,0.946077783370669,44,2,33,10,1.89711998488588,0.313238293558776,3.48100167621299,"no",81
"Plantago_lanceolata","Poa_trivialis",31,53,179,182,-0.519683827830935,-1.00853425928696,-0.0308333963749075,18,10,48,13,-0.718464988544235,-1.70493508330801,0.268005106219538,"yes",31
"Plantago_lanceolata","Prunella_vulgaris",50,34,74,287,1.74107960336744,1.23598642912996,2.24617277760491,22,6,26,35,1.59653450759819,0.560967660582176,2.63210135461421,"yes",50
"Plantago_lanceolata","Ranunculus_repens",58,26,249,112,0.00339244735532416,-0.51014084403119,0.516925738741838,24,4,56,5,-0.624154309072994,-2.02322066442097,0.774912046274981,"no",58
"Plantago_lanceolata","Rumex_acetosa",48,36,199,162,0.0819735829596726,-0.39736194389435,0.561309109813695,25,3,48,13,0.814011882753737,-0.531253280317975,2.15927704582545,"no",48
"Plantago_lanceolata","Stellaria_graminea",34,50,136,225,0.117783035656383,-0.367130432805181,0.602696504117948,22,6,39,22,0.72676379135893,-0.316311275165811,1.76983885788367,"no",34
"Plantago_lanceolata","Taraxacum_officinale",34,50,118,243,0.336714338062899,-0.151327894736118,0.824756570861916,21,7,39,22,0.526093095896779,-0.476331005596236,1.52851719738979,"no",34
"Plantago_lanceolata","Trifolium_pratense",46,38,72,289,1.58081580585909,1.07956131017856,2.08207030153961,20,8,24,37,1.34915481417043,0.381594121658748,2.31671550668212,"yes",46
"Plantago_lanceolata","Trifolium_repens",55,29,232,129,0.053112387941359,-0.445540501246511,0.551765277129229,24,4,53,8,-0.0990909026442309,-1.39259377683299,1.19441197154453,"no",55
"Poa_trivialis","Potentilla_reptans",35,175,43,192,-0.113142656099881,-0.604121136501064,0.377835824301301,22,44,11,12,-0.606135803570316,-1.57117309284828,0.358901485707653,"no",35
"Poa_trivialis","Prunella_vulgaris",37,173,87,148,-1.01106952674402,-1.45395312992852,-0.568185923559524,32,34,16,7,-0.887303195000903,-1.89821280287597,0.123606412874162,"yes",37
"Poa_trivialis","Ranunculus_acris",133,77,161,74,-0.230795565412223,-0.623923410643206,0.16233227981876,59,7,22,1,-0.95941515850791,-3.1111888562338,1.19235853921798,"no",133
"Poa_trivialis","Ranunculus_repens",152,58,155,80,0.302039028054492,-0.10331598067018,0.707394036779164,60,6,20,3,0.405465108108164,-1.06996929120163,1.88089950741796,"no",152
"Poa_trivialis","Rumex_acetosa",110,100,137,98,-0.239703267353228,-0.614643945695876,0.13523741098942,53,13,20,3,-0.491777428795296,-1.84846606090988,0.864911203319291,"no",110
"Poa_trivialis","Stellaria_graminea",87,123,83,152,0.258763676331845,-0.1245728125708,0.64210016523449,46,20,15,8,0.20430046351273,-0.801631795709991,1.21023272273545,"no",87
"Poa_trivialis","Taraxacum_officinale",70,140,82,153,-0.0694285064317629,-0.462209968850537,0.323352955987011,44,22,16,7,-0.133531392624523,-1.15863005749892,0.891567272249875,"no",70
"Poa_trivialis","Trifolium_pratense",50,160,68,167,-0.264664702565032,-0.689328935178788,0.159999530048723,30,36,14,9,-0.624154309072994,-1.59162983273697,0.343321214590984,"no",50
"Poa_trivialis","Trifolium_repens",134,76,153,82,-0.056612214463602,-0.445422325388333,0.332197896461129,57,9,20,3,-0.0512932943875506,-1.45373911116831,1.35115252239321,"no",134
"Poa_trivialis","Veronica_chamaedrys",36,174,20,215,0.799369393815253,0.217358071754079,1.38138071587643,20,46,2,21,1.51846613422837,-0.0240403898458663,3.06097265830261,"yes",36
"Potentilla_reptans","Prunella_vulgaris",25,53,99,268,0.244451041692346,-0.284023543912463,0.772925627297154,19,14,29,27,0.233922685569037,-0.632875976568217,1.10072134770629,"no",25
"Potentilla_reptans","Ranunculus_acris",56,22,238,129,0.321850968067031,-0.215865688965286,0.859567625099348,32,1,49,7,1.51982575374441,-0.622334370989496,3.66198587847832,"no",56
"Potentilla_reptans","Ranunculus_repens",40,38,267,100,-0.930785178024608,-1.43072392609619,-0.430846429953028,27,6,53,3,-1.36760222810774,-2.82895930300402,0.0937548467885401,"yes",40
"Potentilla_reptans","Rumex_acetosa",47,31,200,167,0.235836843093631,-0.262028945721285,0.733702631908547,27,6,46,10,-0.0219789067187752,-1.14011181099555,1.096153997558,"no",47
"Potentilla_reptans","Stellaria_graminea",41,37,129,238,0.715112423369886,0.221710346525386,1.20851450021439,25,8,36,20,0.551647618286246,-0.414093087654594,1.51738832422709,"yes",41
"Potentilla_reptans","Trifolium_repens",48,30,239,128,-0.154429658766158,-0.658585197101334,0.349725879569018,28,5,49,7,-0.22314355131421,-1.46117424560252,1.0148871429741,"no",48
"Prunella_vulgaris","Ranunculus_acris",93,31,201,120,0.58279912339108,0.117658414926254,1.04793983185591,46,2,35,6,1.37190562366779,-0.287714727540559,3.03152597487614,"yes",93
"Prunella_vulgaris","Ranunculus_repens",92,32,215,106,0.348853740233718,-0.115813816358989,0.813521296826425,42,6,38,3,-0.593063722002963,-2.04680420899119,0.860676764985266,"no",92
"Prunella_vulgaris","Rhytidiadelphus_squarrosus",26,98,12,309,1.92156368646066,1.20078664607526,2.64234072684605,14,34,3,38,1.65167067605737,0.321626952915327,2.98171439919942,"yes",26
"Prunella_vulgaris","Rumex_acetosa",69,55,178,143,0.00783439933261059,-0.409261504725867,0.424930303391089,41,7,32,9,0.499150592185487,-0.59144190981517,1.58974309418614,"no",69
"Prunella_vulgaris","Stellaria_graminea",48,76,122,199,0.0297514506127957,-0.396128519516835,0.455631420742427,33,15,28,13,0.0212022076506029,-0.876141918193257,0.918546333494462,"no",48
"Prunella_vulgaris","Taraxacum_officinale",53,71,99,222,0.515169568248496,0.0877369934135981,0.942602143083394,32,16,28,13,-0.0741079721537218,-0.964533540243325,0.816317595935881,"yes",53
"Prunella_vulgaris","Trifolium_pratense",54,70,64,257,1.13068180605046,0.682358707534538,1.57900490456639,29,19,15,26,0.972903187739306,0.113531933843782,1.83227444163483,"yes",54
"Prunella_vulgaris","Trifolium_repens",94,30,193,128,0.73143747562258,0.263635614091278,1.19923933715388,42,6,35,6,0.182321556793955,-1.03495408988596,1.39959720347387,"yes",94
"Prunella_vulgaris","Veronica_serpyllifolia",27,97,22,299,1.33052700753332,0.722783683796955,1.93827033126968,23,25,8,33,1.33368441084759,0.375925459874728,2.29144336182046,"yes",27
"Ranunculus_acris","Ranunculus_repens",208,86,99,52,0.239314651894648,-0.179994257731722,0.658623561521017,73,8,7,1,0.265107750413242,-1.95372632574799,2.48394182657447,"no",208
"Ranunculus_acris","Rumex_acetosa",191,103,56,95,1.14606964068239,0.738089161834784,1.55405011952999,67,14,6,2,0.467023001107598,-1.23380149898037,2.16784750119557,"yes",191
"Ranunculus_acris","Stellaria_graminea",117,177,53,98,0.200699767342377,-0.207002528094345,0.608402062779099,57,24,4,4,0.864997437486605,-0.600698014472887,2.3306928894461,"no",117
"Ranunculus_acris","Taraxacum_officinale",106,188,46,105,0.252316084950546,-0.16813041834337,0.672762588244463,56,25,4,4,0.806475865866949,-0.65744489701607,2.27039662874997,"no",106
"Ranunculus_acris","Trifolium_pratense",104,190,14,137,1.67829042319375,1.07862527928484,2.27795556710266,42,39,2,6,1.17272026082183,-0.485904439776799,2.83134496142046,"yes",104
"Ranunculus_acris","Trifolium_repens",207,87,80,71,0.747463916978219,0.341456751771887,1.15347108218455,71,10,6,2,0.86148249537916,-0.870375959841759,2.59334095060008,"yes",207
"Ranunculus_acris","Veronica_serpyllifolia",32,262,17,134,-0.037982145066675,-0.661967499642005,0.586003209508655,29,52,2,6,0.514664400073156,-1.14888979359197,2.17821859373828,"no",32
"Ranunculus_bulbosus","Rumex_acetosa",24,11,223,187,0.604095402944043,-0.135548600371504,1.34373940625959,13,3,60,13,-0.0630581359671369,-1.45430771264825,1.32819144071398,"no",24
"Ranunculus_bulbosus","Trifolium_repens",29,6,258,152,1.04645729668308,0.144848047132557,1.9480665462336,15,1,62,11,0.978811088855489,-1.14460698600062,3.10222916371159,"yes",29
"Ranunculus_repens","Rumex_acetosa",170,137,77,61,-0.0171140464582357,-0.421473393132044,0.387245300215573,66,14,7,2,0.297834443915799,-1.37614466605125,1.97181355388284,"no",170
"Ranunculus_repens","Rumex_obtusifolius",26,281,7,131,0.549029042833575,-0.310942009801783,1.40900009546893,16,64,1,8,0.693147180559945,-1.45671909435112,2.84301345547102,"no",26
"Ranunculus_repens","Senecio_jacobaea",24,283,8,130,0.320699841480454,-0.505975423784766,1.14737510674567,15,65,2,7,-0.213574100298059,-1.88234856232946,1.45520036173335,"no",24
"Ranunculus_repens","Stellaria_graminea",132,175,38,100,0.685599974924562,0.249061583548574,1.12213836630055,56,24,5,4,0.624154309072994,-0.774912046274981,2.02322066442097,"yes",132
"Ranunculus_repens","Taraxacum_officinale",113,194,39,99,0.391087863653956,-0.0460678597893792,0.828243587097291,57,23,3,6,1.60070423246535,0.132636598401918,3.06877186652877,"no",113
"Ranunculus_repens","Trifolium_dubium",22,285,5,133,0.719464488877319,-0.273159151073953,1.71208812882859,9,71,1,8,0.0139862419747399,-2.17753183613869,2.20550432008817,"no",22
"Ranunculus_repens","Trifolium_pratense",90,217,28,110,0.488188172407018,0.00599391008680683,0.970382434727229,38,42,6,3,-0.793230639116928,-2.24697112610516,0.660509847871301,"no",90
"Ranunculus_repens","Trifolium_repens",217,90,70,68,0.851100146336942,0.436658608966525,1.26554168370736,71,9,6,3,1.37230811914515,-0.177450406141278,2.92206664443158,"yes",217
"Ranunculus_repens","Veronica_chamaedrys",46,261,10,128,0.813566160091973,0.0977419376570091,1.52939038252694,20,60,2,7,0.154150679827258,-1.49682075138125,1.80512211103577,"yes",46
"Ranunculus_repens","Veronica_serpyllifolia",42,265,7,131,1.08722696644298,0.260130562581895,1.91432337030407,29,51,2,7,0.688233165757516,-0.948041400357022,2.32450773187205,"yes",42
"Ranunculus_repens","Vicia_tetrasperma",21,286,8,130,0.176623535679317,-0.663683711936857,1.01693078329549,10,70,2,7,-0.693147180559945,-2.39862072183814,1.01232636071825,"no",21
"Rhytidiadelphus_squarrosus","Rumex_acetosa",24,14,223,184,0.346760486881554,-0.340678116461194,1.0341990902243,14,3,59,13,0.0278569545029663,-1.35617804868438,1.41189195769032,"no",24
"Rhytidiadelphus_squarrosus","Trifolium_repens",28,10,259,148,0.470003629245736,-0.279762460404356,1.21976971889583,16,1,61,11,1.05961013086484,-1.06027510490069,3.17949536663037,"no",28
"Rumex_acetosa","Stellaria_graminea",122,125,48,150,1.11514159061932,0.70542788009676,1.52485530114188,55,18,6,10,1.6277870511023,0.484241616230485,2.77133248597411,"yes",122
"Rumex_acetosa","Taraxacum_officinale",81,166,71,127,-0.136031424266829,-0.529636798111857,0.2575739495782,47,26,13,3,-0.87428600510485,-2.21798650819609,0.469414497986384,"no",81
"Rumex_acetosa","Trifolium_pratense",79,168,39,159,0.650826429154348,0.210192697853844,1.09146016045485,38,35,6,10,0.593063722002963,-0.518368418754525,1.70449586276045,"yes",79
"Rumex_acetosa","Trifolium_repens",155,92,132,66,-0.171510640689739,-0.563747977996189,0.220726696616711,63,10,14,2,-0.105360515657826,-1.73027213718614,1.51955110587049,"no",155
"Rumex_acetosa","Veronica_chamaedrys",35,212,21,177,0.330389081667807,-0.246254692990841,0.907032856326456,17,56,5,11,-0.403680986314663,-1.59201294087307,0.784650968243742,"no",35
"Rumex_acetosa","Veronica_serpyllifolia",25,222,24,174,-0.202800088137495,-0.797033486803971,0.391433310528981,23,50,8,8,-0.776528789498996,-1.87391572534092,0.320858146342925,"no",25
"Senecio_jacobaea","Trifolium_repens",23,9,264,149,0.366266841392073,-0.430102794448001,1.16263647723215,14,3,63,9,-0.405465108108164,-1.83471510567876,1.02378488946243,"no",23
"Stellaria_graminea","Taraxacum_officinale",55,115,97,178,-0.130526371342077,-0.536036711902989,0.274983969218836,42,19,18,10,0.205443974214809,-0.73861024169289,1.14949819012251,"no",55
"Stellaria_graminea","Trifolium_pratense",49,121,69,206,0.189799416706207,-0.239703396251682,0.619302229664096,32,29,12,16,0.386122145265033,-0.515405612960178,1.28764990349024,"no",49
"Stellaria_graminea","Trifolium_repens",113,57,174,101,0.140401768504521,-0.261477262907866,0.542280799916907,53,8,24,4,0.099090902644231,-1.19441197154453,1.39259377683299,"no",113
"Stellaria_graminea","Veronica_chamaedrys",43,127,13,262,1.92040817553453,1.26484838306027,2.57596796800879,20,41,2,26,1.84710956431122,0.312726493781094,3.38149263484135,"yes",43
"Taraxacum_officinale","Trifolium_pratense",52,100,66,227,0.581368808048313,0.148445799072578,1.01429181702405,32,28,12,17,0.481838086892738,-0.414465323745405,1.37814149753088,"yes",52
"Taraxacum_officinale","Trifolium_repens",122,30,165,128,1.14890845309014,0.687566083297462,1.61025082288281,54,6,23,6,0.853489830635125,-0.378865702898358,2.08584536416861,"yes",122
"Taraxacum_officinale","Veronica_chamaedrys",21,131,35,258,0.166936637954475,-0.413501512629761,0.747374788538711,17,43,5,24,0.640629146276499,-0.474585035904943,1.75584332845794,"no",21
"Taraxacum_officinale","Veronica_serpyllifolia",28,124,21,272,1.07320257314274,0.468853743486898,1.67755140279859,26,34,5,24,1.30035193131917,0.209880130622499,2.39082373201583,"yes",28
"Trifolium_pratense","Trifolium_repens",105,13,182,145,1.86173804803977,1.24554339990859,2.47793269617094,43,1,34,11,2.63273486387577,0.536747236571116,4.72872249118043,"yes",105
"Trifolium_repens","Veronica_chamaedrys",41,246,15,143,0.463034959929642,-0.163291491267506,1.08936141112679,20,57,2,10,0.562118918153541,-1.0392668852143,2.16350472152138,"no",41
"Trifolium_repens","Veronica_serpyllifolia",46,241,3,155,2.28865729124958,1.10342687402967,3.47388770846949,29,48,2,10,1.10553273151268,-0.481118553064547,2.69218401608991,"yes",46
