"A","B","ci_low","ci_high","share_2x2","obs_q","obs_a","expected_q","expected_a"
"Achillea_millefolium","Anthoxanthum_odoratum",-0.199729001973476,0.988060107681938,66,0.394165552854231,0.67252789335721,0.0024926199468499,0.733812945985732
"Achillea_millefolium","Brachythecium_rutabulum",-0.1610249509337,0.830959641817285,32,0.334967345441793,0.539575037051977,0.121341388462996,0.534537910805968
"Achillea_millefolium","Centaurea_nigra",1.08668159908334,2.09812185147973,45,1.59240172528153,1.0407615937344,0.413379249213155,1.03842794269293
"Achillea_millefolium","Cerastium_fontanum",-0.108193662469877,0.865760531855748,49,0.378783434692936,0.510825623765991,0.0218173081613549,0.48483178380787
"Achillea_millefolium","Cirsium_arvense",-0.588691236718524,0.475878762331689,23,-0.0564062371934171,0.0540672212702758,-0.0012216874898695,0.100980990404818
"Achillea_millefolium","Dactylis_glomerata",0.347434201771414,1.33529682179703,37,0.841365511784221,1.06945570437665,0.212385560961897,1.08404846417835
"Achillea_millefolium","Festuca_rubra",0.971120479055214,1.99947929073547,56,1.48529988489534,1.57681268511802,0.369821502203259,1.60794316172287
"Achillea_millefolium","Hypochaeris_radicata",0.550012050861258,1.73586177661788,22,1.14293691373957,1.15184373889099,0.527198734229692,1.07843520452241
"Achillea_millefolium","Lathyrus_pratensis",0.328453319216356,1.36476830325597,30,0.846610811236165,0.916290731874155,0.326207327194268,0.883812324175676
"Achillea_millefolium","Lolium_perenne",0.0381283139633288,1.00193014314752,44,0.520029228555423,0.315852949418477,0.0647844510528182,0.309346565989244
"Achillea_millefolium","Lotus_corniculatus",0.477646690073304,1.47519698578509,53,0.976421837929196,1.79175946922805,0.190188909746785,1.71405840989407
"Achillea_millefolium","Luzula_campestris",0.911702973635788,1.92565200035278,40,1.41867748699428,1.76644166124377,0.54830348603507,1.83678666876187
"Achillea_millefolium","Phleum_pratense",-0.43714811440006,0.64986814638188,22,0.10636001599091,-0.492322152201431,-0.260953586226665,-0.466328619920706
"Achillea_millefolium","Plantago_lanceolata",0.583792917269423,1.65574811108149,29,1.11977051417546,0.717839793150317,0.378224526395378,0.748741726426385
"Achillea_millefolium","Poa_trivialis",-0.401490923659518,0.557694099029901,40,0.0781015876851917,-0.538694522774783,-0.106573094477185,-0.520015804680995
"Achillea_millefolium","Prunella_vulgaris",-0.00565970162995022,1.00840022245508,30,0.501370260412563,-0.0645385211375712,-0.0500712394112645,-0.0703378383426215
"Achillea_millefolium","Ranunculus_acris",0.0122078821307988,1.10751624392109,62,0.559862063025942,0.67252789335721,0.0366146153343872,0.68542850829089
"Achillea_millefolium","Ranunculus_repens",-0.684507956294095,0.332248783202028,54,-0.176129586546034,0.847297860387204,0.0693232507279802,0.931014648512106
"Achillea_millefolium","Rumex_acetosa",0.0910829100849899,1.10024609732105,55,0.59566450370302,1.69807398515073,0.128013717456169,1.62489667910983
"Achillea_millefolium","Stellaria_graminea",0.0514489120677498,1.01797876581362,40,0.534713838940686,0.382571288242312,0.0219359904461622,0.415716824455711
"Achillea_millefolium","Taraxacum_officinale",-0.505963779711349,0.504768679586155,28,-0.000597550062596682,0.0170527883827195,0.0384022544988014,0.0476329818043136
"Achillea_millefolium","Trifolium_pratense",0.353036758105858,1.35807223526679,34,0.855554496686323,0.809814767132463,0.283104841976253,0.800724168624886
"Achillea_millefolium","Trifolium_repens",0.467720610344538,1.66399839404807,67,1.0658595021963,0.244196960512042,0.0443651486547502,0.492901947372381
"Agrostis_canina","Anthoxanthum_odoratum",-0.384481495690425,1.42837700261895,29,0.521947753464264,-0.382992252256106,-0.0481442833768842,-0.308087544902621
"Ajuga_reptans","Anthoxanthum_odoratum",0.187384213859415,1.94428661768902,47,1.06583541577422,0.112117298120706,0.0390744083679842,0.00873187501920981
"Ajuga_reptans","Brachythecium_rutabulum",0.374875988760662,1.53666834569816,28,0.955772167229409,1.00726251007988,0.352565600930135,1.108862325234
"Ajuga_reptans","Centaurea_nigra",0.926953258439024,2.11326038893264,30,1.52010682368583,1.25049281996083,0.489812107573408,1.25363937520949
"Ajuga_reptans","Festuca_rubra",-0.388910082172008,0.771020555697426,23,0.191055236762709,-0.199045999735149,-0.247119265777372,-0.240910357256795
"Ajuga_reptans","Juncus_conglomeratus",1.51963787580277,2.84868663050032,22,2.18416225315155,2.45100509811232,1.09445478888364,2.42564171498639
"Ajuga_reptans","Lotus_corniculatus",-0.396815811191741,0.751557914459938,26,0.177371051634098,1.19392246847243,0.123973817488544,0.989962409228053
"Ajuga_reptans","Lotus_uliginosus",0.308911333970263,1.48271018451764,24,0.895810759243949,1.13943428318836,0.363423950147626,1.22339069468796
"Ajuga_reptans","Luzula_campestris",0.329832847792733,1.52275326135135,22,0.926293054572043,1.22866541691631,0.575705718164326,1.24092840599387
"Ajuga_reptans","Plantago_lanceolata",0.618816659309461,1.84460245928561,21,1.23170955929754,0.870933582188509,0.436559237752349,0.933307659538901
"Ajuga_reptans","Potentilla_reptans",0.933592343485528,2.16050081528824,23,1.54704657938689,1.73113484741162,0.702615237189083,1.76057949344186
"Ajuga_reptans","Prunella_vulgaris",0.652944991632183,1.82573490469427,28,1.23933994816323,1.88815131490312,0.532387094816164,1.9186672531736
"Ajuga_reptans","Ranunculus_acris",-0.78229528967591,0.405199697257805,33,-0.188547796209053,0.112117298120706,0.0665641159181773,0.213526345126747
"Ajuga_reptans","Ranunculus_repens",-1.28532094280704,-0.119040388508183,29,-0.702180665657613,-1.38957843632108,-0.145258831870947,-1.4069461755235
"Ajuga_reptans","Rumex_acetosa",-0.868594441759607,0.280115495763727,26,-0.29423947299794,0.124052648669979,-0.0124161512640544,0.211160763055023
"Ajuga_reptans","Trifolium_repens",-1.21799208014905,-0.0622866807435719,27,-0.64013938044631,-1.5976034547871,-0.261962930532517,-1.59665470592
"Alopecurus_pratensis","Anthoxanthum_odoratum",-2.07782145904711,-1.09106081915565,43,-1.58444113910138,-0.885519073207401,-0.028230834968622,-0.878567092072475
"Alopecurus_pratensis","Cerastium_fontanum",-0.45868522802313,0.467465423999997,47,0.00439009798843318,-0.00778214044205496,-0.0515105215013603,-0.0750997536633198
"Alopecurus_pratensis","Cirsium_arvense",-0.042589896382176,0.934462224109439,33,0.445936163863632,0.771709503063047,0.201746365387775,0.795838434493855
"Alopecurus_pratensis","Dactylis_glomerata",0.227402970660945,1.18773316173435,38,0.707568066197648,1.3609765531356,0.297311422508938,1.30159714071488
"Alopecurus_pratensis","Festuca_rubra",-0.0308454156017725,0.901690141316276,43,0.435422362857252,0.496936511605324,0.0352978553506642,0.51173536024227
"Alopecurus_pratensis","Lathyrus_pratensis",-0.197504798936578,0.854113292555612,25,0.328304246809517,0.543615446588982,0.16334133817319,0.545719501535274
"Alopecurus_pratensis","Lolium_perenne",0.161745508297835,1.09547181054691,50,0.628608659422374,1.55619339791529,0.357719200718613,1.53821004173376
"Alopecurus_pratensis","Phleum_pratense",0.338558952395047,1.32510218379275,35,0.831830568093896,1.0106014113454,0.283172506801172,1.01336827391065
"Alopecurus_pratensis","Poa_trivialis",0.461371890382438,1.42740890251729,59,0.944390396449865,1.28093384546206,0.227464469896494,1.20468935286421
"Alopecurus_pratensis","Ranunculus_acris",-0.396817619946108,0.589938870654895,61,0.0965606253543933,-0.323787077093897,-0.0598801753043171,-0.263195755112926
"Alopecurus_pratensis","Ranunculus_repens",-0.505612841283182,0.493916901518336,62,-0.0058479698824231,1.05209227303322,0.0982397463817642,1.16481051418443
"Alopecurus_pratensis","Rumex_acetosa",0.0429485030832426,1.00725567493152,59,0.525102089007379,0.596085467716814,0.0676049214846971,0.576207223405669
"Alopecurus_pratensis","Stellaria_graminea",-0.499414805459423,0.454266161382345,34,-0.0225743220385391,-0.432864082296279,-0.0809157546381237,-0.461937642168565
"Alopecurus_pratensis","Taraxacum_officinale",0.0792103237571813,1.02362771770531,40,0.551419020731244,0.0800427076735364,-0.0381143012509883,0.0688197162248282
"Alopecurus_pratensis","Trifolium_repens",-0.427542852944491,0.544326246793938,59,0.0583916969247237,0.458307589482544,0.0672777727960676,0.581837911055094
"Anthoxanthum_odoratum","Brachythecium_rutabulum",0.631450512177897,1.7324361061322,128,1.18194330915505,1.49732061431339,0.0617090458139136,1.48342294602255
"Anthoxanthum_odoratum","Bromus_hordeaceus",-0.760478976469165,1.10687672606507,21,0.173198874797953,-0.55594605904646,-0.0742709303399952,-0.599877347650063
"Anthoxanthum_odoratum","Calliergon_cuspidatum",0.282500810480883,2.38280945039983,41,1.33265513044036,1.02096135443804,0.142572634458222,0.924072810173934
"Anthoxanthum_odoratum","Cardamine_pratensis",-0.255388282821331,1.18756774267053,45,0.466089729924599,0.233614851181505,0.0390077178044691,0.290473385395502
"Anthoxanthum_odoratum","Carex_hirta",-0.336195249889003,1.05804975724353,45,0.360927253677263,0.292136422801161,0.0123526955288065,0.337456969655789
"Anthoxanthum_odoratum","Centaurea_nigra",0.984657165504187,2.42241330612225,108,1.70353523581322,1.67261681405563,0.0440264922450541,1.61508145539796
"Anthoxanthum_odoratum","Cerastium_fontanum",-0.266442810187664,0.590466426040407,177,0.162011807926371,-0.291351801340743,-0.0574695823050387,-0.210938780640192
"Anthoxanthum_odoratum","Cirsium_arvense",-1.1401230198436,-0.2370889161579,84,-0.688605968000748,-1.87180217690159,-0.109261842938274,-1.88240668040246
"Anthoxanthum_odoratum","Cirsium_palustre",-0.446372150846722,0.733000050170172,57,0.143313949661725,0.405465108108164,-0.0207055198741412,0.390217812273238
"Anthoxanthum_odoratum","Dactylis_glomerata",-1.14340716473249,-0.244648224941785,86,-0.694027694837139,-0.67252789335721,-0.0430670276871289,-0.626657913984158
"Anthoxanthum_odoratum","Eurhynchium_praelongum",-0.436768553521977,1.09135097461563,36,0.327291210546827,1.19667350184432,0.0872689498019402,1.40333866801806
"Anthoxanthum_odoratum","Festuca_rubra",-0.189604843879755,0.702302747913371,136,0.256348952016808,0.53062825106217,0.017657602406119,0.599742737070884
"Anthoxanthum_odoratum","Geranium_dissectum",-2.15833544631169,-0.941940893993931,22,-1.55013817015281,-1.40179854765586,-0.0727690992197372,-1.42446983559409
"Anthoxanthum_odoratum","Juncus_acutiflorus",-0.410990821584769,1.19272343895879,34,0.390866308687012,-0.382992252256106,-0.00576611038577843,-0.414552226578586
"Anthoxanthum_odoratum","Juncus_conglomeratus",-0.130957524707285,1.44349462505644,43,0.656268550174579,-0.741937344729377,-0.00292359157397959,-0.657227902530113
"Anthoxanthum_odoratum","Juncus_effusus",-0.822254747433374,0.534429635230431,34,-0.143912556101472,-0.295650242100958,0.0332441500388607,-0.465858591444263
"Anthoxanthum_odoratum","Lathyrus_pratensis",-0.06686158636859,1.03794199421092,83,0.485540203921167,-0.22314355131421,-0.0608808001523767,-0.115563733686816
"Anthoxanthum_odoratum","Leucanthemum_vulgare",0.393270196881593,2.48580755439581,45,1.4395388756387,0.544111601399457,0.045324901989779,0.674120246578525
"Anthoxanthum_odoratum","Lolium_perenne",-0.995019009487882,-0.132188648738875,132,-0.563603829113378,0.749236647210989,0.0632841727053637,0.701783714130473
"Anthoxanthum_odoratum","Lotus_corniculatus",0.984986351935313,1.99801482241634,178,1.49150058717583,1.65455834771457,0.0353193014835993,1.65488224784511
"Anthoxanthum_odoratum","Lotus_uliginosus",0.322807093095657,1.43226839805819,105,0.877537745576922,0.806475865866949,0.0501048055639953,0.708831646566749
"Anthoxanthum_odoratum","Luzula_campestris",0.856634937516081,2.29797135382453,99,1.5773031456703,1.87180217690159,0.118927237761189,1.94958650179876
"Anthoxanthum_odoratum","Phleum_pratense",-1.83678659768995,-0.907266180954418,60,-1.37202638932219,-1.12330490125848,-0.141355553959165,-1.17704543451405
"Anthoxanthum_odoratum","Plantago_lanceolata",0.700276401594872,2.31307995535779,77,1.50667817847633,1.25276296849537,0.0739188466276279,1.12395760079232
"Anthoxanthum_odoratum","Potentilla_erecta",0.126808515619855,3.03236138294898,27,1.57958494928442,0.196710294246054,-0.0240811083477856,0.115202876822206
"Anthoxanthum_odoratum","Potentilla_reptans",-0.197655778230376,1.02040286781904,63,0.411373544794331,0.62057648772511,0.0618376073157018,0.579907305715502
"Anthoxanthum_odoratum","Prunella_vulgaris",0.336925703714012,1.445898498295,106,0.891412101004504,1.37190562366779,0.069021345156995,1.31153626140297
"Anthoxanthum_odoratum","Ranunculus_acris",0.478190339095495,1.35859722504637,238,0.918393782070934,2.21046980408624,0.0844932142627923,2.30343605870107
"Anthoxanthum_odoratum","Rumex_acetosa",0.105970398113176,0.96839353158958,196,0.537181964851378,0.467023001107598,0.0165528420457617,0.506876761054705
"Anthoxanthum_odoratum","Stellaria_graminea",-0.401853852446383,0.481545669540783,128,0.0398459085471998,-0.349375641457121,-0.00643851961256579,-0.452749574902075
"Anthoxanthum_odoratum","Taraxacum_officinale",-0.64139603773166,0.249664473928237,110,-0.195865781901712,0.806475865866949,0.0376726879162091,0.786935453249336
"Anthoxanthum_odoratum","Trifolium_dubium",-0.182501195853786,2.25739748987625,24,1.03744814701123,-0.133531392624523,-0.0503620642147075,-0.119677545919879
"Anthoxanthum_odoratum","Trifolium_pratense",0.806063699400879,2.13297445906414,107,1.46951907923251,0.535518236356362,0.0853666561841115,0.505342807597847
"Anthoxanthum_odoratum","Trifolium_repens",-0.172431390406049,0.708850586444798,220,0.268209598019375,-0.0953101798043249,-0.0453409685255599,-0.0578190687065735
"Anthoxanthum_odoratum","Veronica_chamaedrys",-0.539493040671989,0.782472411444181,43,0.121489685386096,-1.25276296849537,-0.167394494580028,-1.32779196989625
"Anthoxanthum_odoratum","Veronica_serpyllifolia",-0.648637749582864,0.730281738623374,37,0.0408219945202552,-0.127261779610927,-0.0477585176138415,-0.148202926440421
"Brachythecium_rutabulum","Calliergon_cuspidatum",0.830695193698456,2.12526494748589,29,1.47798007059217,2.73002910782099,0.329455881905595,2.68087406606074
"Brachythecium_rutabulum","Cardamine_pratensis",0.130360384975318,1.27310146352736,26,0.701730924251337,-0.028820438535492,0.0137284774524185,0.0112260044255342
"Brachythecium_rutabulum","Centaurea_nigra",0.302318275577419,1.17447142678929,53,0.738394851183353,0.920610393018671,0.192886176823507,0.879723492033246
"Brachythecium_rutabulum","Cerastium_fontanum",0.29626681236911,1.10974811103943,93,0.703007461704269,1.36859478402049,0.13266325928592,1.3389660579851
"Brachythecium_rutabulum","Cirsium_arvense",-0.662107107616836,0.226374119190104,38,-0.217866494213366,0.39953037258835,0.0706677103163814,0.412135183790357
"Brachythecium_rutabulum","Cirsium_palustre",0.0995907011648908,1.11742382077801,33,0.608507260971449,0.451985123743057,0.162570177267361,0.42014006108606
"Brachythecium_rutabulum","Cynosurus_cristatus",-0.20195408082298,0.858193759832282,27,0.328119839504651,0.739667196194838,0.18092298999095,0.760441239616177
"Brachythecium_rutabulum","Dactylis_glomerata",-0.871170595688437,0.0299197538382402,35,-0.420625420925099,-0.539575037051977,-0.064857717535599,-0.553171484421851
"Brachythecium_rutabulum","Eurhynchium_praelongum",0.433055446315365,1.6840741287623,25,1.05856478753883,1.22113242460876,0.237736009711424,1.12628898959064
"Brachythecium_rutabulum","Festuca_rubra",-0.293706811387114,0.513708601815771,60,0.110000895214328,0.374693449441411,0.0207486087872008,0.339290095621378
"Brachythecium_rutabulum","Hypochaeris_radicata",0.368796664452926,1.47156574581467,31,0.920181205133797,2.5890469090406,0.433084518437605,2.92267746559421
"Brachythecium_rutabulum","Juncus_conglomeratus",-0.186935082581386,1.006380479303,21,0.409722698360806,0.425551866674902,0.142957693958685,0.399995674036577
"Brachythecium_rutabulum","Lathyrus_pratensis",-0.379325725513648,0.555050950418495,35,0.0878626124524235,-0.39953037258835,-0.108014249249509,-0.384563241109345
"Brachythecium_rutabulum","Lolium_perenne",-0.611081690919909,0.193505430955673,58,-0.208788129982118,-0.267160436730984,-0.00788528382927066,-0.259188730217325
"Brachythecium_rutabulum","Lotus_corniculatus",0.0969970689117362,0.894004453446702,78,0.495500761179219,1.21639532432449,0.115833795333541,1.17097250112415
"Brachythecium_rutabulum","Lotus_uliginosus",-0.00328041114232358,0.861569668357312,49,0.429144628607494,0.286132885464952,0.0203813640705349,0.277266521474179
"Brachythecium_rutabulum","Luzula_campestris",-0.0422118136167206,0.857021759468702,43,0.407404972925991,0.929535958624176,0.231563294254704,0.913749812534686
"Brachythecium_rutabulum","Phleum_pratense",-0.555271507096547,0.364651147487897,35,-0.0953101798043249,0.634204644926495,0.0682612596068495,0.591516609972132
"Brachythecium_rutabulum","Plantago_lanceolata",0.298101535672181,1.26692700681189,40,0.782514271242034,0.654925967739748,0.174188229566499,0.558782616420996
"Brachythecium_rutabulum","Poa_trivialis",-0.938067087478904,-0.131286591697437,56,-0.534676839588171,0.00623054975063616,0.0231247495095094,0.0585583495708454
"Brachythecium_rutabulum","Potentilla_reptans",-0.0681539808774336,0.936725074164746,32,0.434285546643656,0.72439972406405,0.166160281949987,0.665860180359172
"Brachythecium_rutabulum","Prunella_vulgaris",0.894441602762228,1.7665756594216,68,1.33050863109191,1.99470031322475,0.349670677636766,1.98499798251345
"Brachythecium_rutabulum","Ranunculus_acris",0.204331289919611,1.08958430626153,110,0.646957798090571,0.92494879461727,0.0923202224608242,0.786481344458287
"Brachythecium_rutabulum","Ranunculus_repens",0.162232726062571,1.07173217061754,113,0.616982448340056,1.19254410850231,0.0832605483423434,1.29605070217925
"Brachythecium_rutabulum","Rumex_acetosa",-0.728309513321837,0.0668263894973812,73,-0.330741561912228,-0.322083499169113,0.0415768595530423,-0.230845509613794
"Brachythecium_rutabulum","Stellaria_graminea",-0.397422323609022,0.416821117786449,56,0.00969939708871358,0.363189624959926,-0.0212636811240216,0.321498373044053
"Brachythecium_rutabulum","Taraxacum_officinale",-0.411241629895509,0.423053088723563,50,0.00590572941402734,0.750305594399894,0.0681732124581364,0.771087548928655
"Brachythecium_rutabulum","Trifolium_pratense",0.0847541570025314,0.957410090863828,49,0.52108212393318,0.724784265503128,0.127160666936769,0.669231658151562
"Brachythecium_rutabulum","Trifolium_repens",0.255800616046067,1.13307331373308,109,0.694436964889575,0.579818495252942,0.0123588538571689,0.606130075914616
"Brachythecium_rutabulum","Veronica_chamaedrys",0.0111653163761614,1.14900479421818,25,0.58008505529717,0.508155395210112,0.0716955939954628,0.493241715982128
"Brachythecium_rutabulum","Veronica_serpyllifolia",0.44715161498027,1.65222523646337,27,1.04968842572182,1.15618214048959,0.180210595393203,1.1980205513951
"Calliergon_cuspidatum","Cerastium_fontanum",0.0230850998436466,1.3232079278629,30,0.673146513853276,1.74919985480926,0.187667480006517,1.65022942502113
"Calliergon_cuspidatum","Lotus_corniculatus",0.435680069903389,1.75874142358225,31,1.09721074674282,1.19392246847243,0.183513011724522,1.08284207173018
"Calliergon_cuspidatum","Prunella_vulgaris",1.64599126877544,3.084464489158,34,2.36522787896672,1.55122417520198,0.438925672982583,1.57620119104882
"Calliergon_cuspidatum","Ranunculus_acris",-0.310472757473198,1.07358163244615,33,0.381554437486478,0.112117298120706,0.0603706522817534,0.0927018029494569
"Calliergon_cuspidatum","Ranunculus_repens",-0.875326403371113,0.417540480949738,29,-0.228892961210688,0.283362411307265,0.0891668821652933,0.361026026671481
"Calliergon_cuspidatum","Rumex_acetosa",-1.01313437408174,0.22311218871718,21,-0.39501109268228,-0.606135803570316,-0.0547152599661079,-0.675684635846582
"Calliergon_cuspidatum","Taraxacum_officinale",-0.0357940097424611,1.20775933729479,21,0.585982663776165,1.13943428318836,0.30508679804572,1.22678642814254
"Calliergon_cuspidatum","Trifolium_repens",-0.010973633911961,1.45206594340808,35,0.72054615474806,0.117783035656383,0.0361109003988988,0.118694162425091
"Cardamine_pratensis","Cerastium_fontanum",-0.128012082999224,1.03014493945119,34,0.451066428225985,1.03798766685167,-0.0241443921003675,0.966711343846142
"Cardamine_pratensis","Lolium_perenne",-0.633983166450069,0.510027765898274,23,-0.0619777002758975,-0.0571584138399486,-0.118194062428666,-0.119615735552537
"Cardamine_pratensis","Lotus_corniculatus",-0.906960334262157,0.251585520131197,21,-0.32768740706548,0.784118958765672,0.132284678946294,0.679126762521342
"Cardamine_pratensis","Poa_trivialis",-0.31249684825063,0.818569873578585,29,0.253036512663977,0.208544751893057,0.0217759496178792,0.214959204277476
"Cardamine_pratensis","Ranunculus_repens",0.556599313670036,2.30320701942461,49,1.42990316654733,1.29098418131557,0.0526977241216848,1.36812495478962
"Cardamine_pratensis","Rumex_acetosa",-0.282667103227533,0.876058410741818,34,0.296695653757142,0.2578291093021,0.0790060824589874,0.266721085634032
"Cardamine_pratensis","Stellaria_graminea",-0.313376007291462,0.828632466186792,24,0.257628229447665,-0.203761888031824,0.0186418673972903,-0.26587276365761
"Cardamine_pratensis","Trifolium_repens",-0.101621637408897,1.17961463887427,41,0.538996500732687,0.817199829229924,0.11455891877085,0.873906408774458
"Carex_flacca","Centaurea_nigra",1.12806257115789,2.59800742375822,23,1.86303499745806,2.54553127160444,0.930172435460953,2.49198206883512
"Carex_flacca","Lotus_corniculatus",0.3151185395717,1.79497601751119,24,1.05504727854145,1.2600006357956,0.170334283476266,1.45163388457595
"Carex_flacca","Ranunculus_repens",-1.01525594695421,0.419091252815066,22,-0.29808234706957,-0.481838086892738,-0.0240022166229238,-0.472258880593853
"Carex_flacca","Trifolium_repens",-0.914230093891872,0.497794291696804,21,-0.208217901097534,-1.20896034583698,-0.247690383698797,-1.16592137281573
"Carex_hirta","Cerastium_fontanum",-0.740218676730495,0.38115230570736,27,-0.179533185511567,0.545511181753881,0.134578197413026,0.525486404966128
"Carex_hirta","Festuca_rubra",-0.486852299577059,0.653184849080108,23,0.0831662747515243,-0.594941656827163,-0.182990285181155,-0.571731421529563
"Carex_hirta","Lolium_perenne",-0.754535491676142,0.390445934692929,22,-0.182044778491606,-0.442067687085711,-0.0762469838565394,-0.463144131577842
"Carex_hirta","Lotus_corniculatus",-0.67287913630882,0.458388075601625,24,-0.107245530353598,-0.281167391430587,-0.14036963685205,-0.265339825443545
"Carex_hirta","Poa_trivialis",0.469386341920012,1.67697327479971,39,1.07317980835986,1.33750419695046,0.235240816597678,1.34366035628334
"Carex_hirta","Ranunculus_acris",-0.841885820923709,0.310783510131689,34,-0.26555115539601,0.292136422801161,0.0297661208349795,0.401847763441542
"Carex_hirta","Ranunculus_repens",-0.915598398914821,0.24999338345032,35,-0.332802507732251,-0.684413500591191,-0.153518776250605,-0.784931923791293
"Carex_hirta","Rumex_acetosa",-0.164163994997611,0.999588158433886,36,0.417712081718138,0.322083499169113,0.0892290913113111,0.3783103106863
"Carex_hirta","Stellaria_graminea",-0.521757298518347,0.626290475455736,22,0.0522665884686945,-0.123613955967177,-0.0477592651034774,-0.0767486576760545
"Carex_hirta","Trifolium_repens",-1.17107365843286,-0.0415329370437839,29,-0.606303297738321,-0.980829253011726,-0.0828896516535672,-0.993526116107484
"Centaurea_nigra","Cerastium_fontanum",-0.939202680291838,-0.0869366783707204,50,-0.513069679331279,-0.805625163986636,-0.00333040935660446,-0.893493332370624
"Centaurea_nigra","Cirsium_arvense",-1.17987449826776,-0.15725005889352,23,-0.668562278580642,-1.11696142733631,-0.381570225404997,-1.04900757498479
"Centaurea_nigra","Cirsium_palustre",-0.429586152375905,0.682893013115978,21,0.126653430370036,0.688032079893175,0.170167440613769,0.699687491783214
"Centaurea_nigra","Cynosurus_cristatus",0.175958488933118,1.25274028748798,27,0.714349388210548,0.658120558448695,0.349850111758609,0.742772546734665
"Centaurea_nigra","Dactylis_glomerata",0.362507951117654,1.24937739829292,50,0.80594267470529,0.149331393391309,0.0781945708858844,0.101609637185514
"Centaurea_nigra","Festuca_rubra",0.860703073706091,1.7429609127302,73,1.30183199321814,0.555277386336825,0.15204511032378,0.617653741359844
"Centaurea_nigra","Hypochaeris_radicata",0.590257105387828,1.70915079426381,29,1.14970394982582,1.01642019811443,0.450961472708841,1.04271008844146
"Centaurea_nigra","Lathyrus_pratensis",0.84831692005825,1.78926663403969,49,1.31879177704897,1.53147637096439,0.347406670008392,1.51551769333861
"Centaurea_nigra","Leucanthemum_vulgare",1.00733686679369,2.24131618306202,29,1.62432652492785,1.56861591791385,0.537137858005918,1.5789418665692
"Centaurea_nigra","Lolium_perenne",-1.50836351692111,-0.572275050815424,30,-1.04031928386827,-0.593063722002963,-0.0894988255391483,-0.627028773085349
"Centaurea_nigra","Lotus_corniculatus",1.06227244059281,1.98571443151748,84,1.52399343605514,1.37339095628398,0.173112283162228,1.47652148152323
"Centaurea_nigra","Lotus_uliginosus",0.0267973336459502,0.936104696526223,41,0.481451015086086,1.34373474670109,0.283377469347092,1.37560602931845
"Centaurea_nigra","Luzula_campestris",1.11526245866603,2.05200748872909,56,1.58363497369756,1.32085045286751,0.464942401934633,1.38713871048404
"Centaurea_nigra","Plantago_lanceolata",1.75541242444559,2.81669915764008,56,2.28605579104283,1.95036449940469,0.630385484623631,1.94740591662123
"Centaurea_nigra","Poa_trivialis",-0.81448248831415,0.0421777538231853,47,-0.386152367245482,-0.646627164925052,-0.120529789853236,-0.666172879043067
"Centaurea_nigra","Potentilla_reptans",0.254037971772085,1.28165597993857,31,0.767846975855326,1.34707364796661,0.551799911767793,1.36210709653112
"Centaurea_nigra","Prunella_vulgaris",0.281005074140345,1.18042214710052,46,0.730713610620434,0.683873543774616,0.297663581176583,0.688972462493841
"Centaurea_nigra","Ranunculus_repens",-0.849849902938125,0.0383368512229903,73,-0.405756525857567,0.339507140316367,0.0815765155042599,0.368469614262299
"Centaurea_nigra","Rumex_acetosa",-0.0953721963771365,0.76668334980645,72,0.335655576714657,0.850776124763528,0.111452283401639,0.908537875532912
"Centaurea_nigra","Stellaria_graminea",-0.027332976377757,0.829519034119278,53,0.40109302887076,1.00017221585486,0.256146752778073,1.03424951158783
"Centaurea_nigra","Taraxacum_officinale",-1.27013996927552,-0.291414386815763,26,-0.780777178045641,-0.26778433193683,-0.0153452885116336,-0.22843337345534
"Centaurea_nigra","Trifolium_pratense",-0.0622310696764585,0.861311907177388,38,0.399540418750465,0.0377403279828471,-0.11518447594913,0.00097651176972489
"Centaurea_nigra","Trifolium_repens",-1.04462154098103,-0.181587404791785,63,-0.613104472886409,-0.84037741754263,-0.0606243480008073,-0.894373240841146
"Centaurea_nigra","Veronica_chamaedrys",0.467882026596366,1.6183842460994,26,1.04313313634788,0.273153971888871,0.0938156365804893,0.212113628127174
"Cerastium_fontanum","Cirsium_arvense",-0.203270311933469,0.6198643983279,72,0.208297043197215,0.583146285345617,0.103373068834401,0.587774182172572
"Cerastium_fontanum","Cirsium_palustre",-0.0209424507897462,1.00303452614778,46,0.491046037679015,0.22314355131421,0.00791901223320661,0.0985307691289975
"Cerastium_fontanum","Cynosurus_cristatus",0.391280400402134,1.50730372083807,49,0.9492920606201,-0.0281708769666963,0.0839861662101246,0.0957924246617198
"Cerastium_fontanum","Dactylis_glomerata",-0.528602647485718,0.285492244330104,66,-0.121555201577807,-0.126441098399498,0.00778691326934614,-0.104752214094916
"Cerastium_fontanum","Eurhynchium_praelongum",-0.466729482979072,0.772959376886524,25,0.153114946953726,0.100541229221877,-0.0322478310324163,0.114171037972413
"Cerastium_fontanum","Festuca_rubra",-0.314341121559475,0.447548393478401,93,0.0666036359594627,0.921405832540925,0.0363528543211291,0.903216939617764
"Cerastium_fontanum","Geranium_dissectum",-0.0601837303854578,1.160276404224,32,0.550046336919272,0.0720533176400576,0.0425484870865195,-0.0125179689599787
"Cerastium_fontanum","Hypochaeris_radicata",-0.642947730734211,0.445384641614643,30,-0.0987815445597838,0.780158557549575,0.0723518444981479,0.773784431761375
"Cerastium_fontanum","Juncus_conglomeratus",-0.904668544681053,0.267291102415972,23,-0.31868872113254,-0.310938934616048,-0.0772045919606873,-0.268452343377807
"Cerastium_fontanum","Juncus_effusus",-0.747960492698837,0.461666790050908,23,-0.143146851323965,-0.227962837750159,0.0148266446795864,-0.279098892646262
"Cerastium_fontanum","Lathyrus_pratensis",-0.70677434230133,0.179145160211054,48,-0.263814591045138,-0.241162056816888,-0.0321426422651148,-0.20100702776163
"Cerastium_fontanum","Leucanthemum_vulgare",-0.552932399277144,0.636432850203619,26,0.0417502254632374,0.405465108108164,0.187341423525549,0.193283836367173
"Cerastium_fontanum","Lolium_perenne",0.0977429347923531,0.855569611377049,113,0.476656273084701,0.815749502652278,0.0578298162218839,0.800964281314983
"Cerastium_fontanum","Lotus_corniculatus",-0.220975973951965,0.527306964760819,109,0.153165495404427,0.6458942957094,0.0129769883671557,0.620588279990366
"Cerastium_fontanum","Luzula_campestris",-0.546497279254017,0.32073858311031,54,-0.112879348071854,0.836248024200619,0.0587811689724919,0.905292192207113
"Cerastium_fontanum","Phleum_pratense",-0.35205726166923,0.506078725292597,60,0.0770107318116834,0.421213465076303,0.0799540443350413,0.51493914928663
"Cerastium_fontanum","Plantago_lanceolata",-0.817798430696942,0.135959263878378,38,-0.340919583409282,-0.227962837750159,-0.0572281885928115,-0.307566942734331
"Cerastium_fontanum","Poa_trivialis",-0.173573769079957,0.572705621941192,115,0.199565926430618,0.164621979694554,0.0502891923805067,0.0673141172710434
"Cerastium_fontanum","Potentilla_reptans",-0.654881922918108,0.323162205011908,38,-0.1658598589531,0.454945165371534,0.0785606692955998,0.560294472354722
"Cerastium_fontanum","Prunella_vulgaris",0.184004684812275,1.03421259559497,78,0.609108640203623,0.187211542088146,0.0105202820332046,0.22329651317863
"Cerastium_fontanum","Ranunculus_acris",-0.0831359610106222,0.703939949801173,161,0.310401994395275,0.650587566141149,0.0545863498224148,0.537989729544251
"Cerastium_fontanum","Ranunculus_bulbosus",-0.356540040514121,1.0503636392273,21,0.34691179935659,-0.262902043453294,-0.111812841075172,-0.303038453659857
"Cerastium_fontanum","Ranunculus_repens",0.525883839965287,1.35612967768382,182,0.941006758824555,1.14306405123894,0.0847314005732248,1.14132359195451
"Cerastium_fontanum","Rumex_acetosa",-0.256664647915713,0.491998821726915,132,0.117667086905601,-1.17865499634165,-0.0521810794941083,-1.06462106048581
"Cerastium_fontanum","Stellaria_graminea",-0.140444938915023,0.627768013701644,95,0.24366153739331,0.591567387742025,0.0411582859313486,0.555003704695369
"Cerastium_fontanum","Taraxacum_officinale",0.0377187867360246,0.83053734226165,90,0.434128064498837,1.23214368129263,0.085387160178662,1.23524758864299
"Cerastium_fontanum","Trifolium_pratense",0.0620298507417198,0.919659588678057,72,0.490844719709888,1.04982212449868,0.11577557330712,1.00584777243346
"Cerastium_fontanum","Trifolium_repens",1.08036168452036,1.92060557883552,186,1.50048363167794,1.68581089121867,0.0424671272357389,1.7657074732181
"Cerastium_fontanum","Veronica_chamaedrys",-0.0912525571724455,1.06148709128401,35,0.485117267055784,0.780158557549575,0.0202575788259378,0.844592559931581
"Cirsium_arvense","Dactylis_glomerata",-0.301966372401327,0.58491866822867,41,0.141476147913671,-0.0540672212702758,0.00400270437241348,-0.0174609413021391
"Cirsium_arvense","Festuca_rubra",-0.360272339651568,0.476160600171991,52,0.0579441302602115,-0.0540672212702758,0.0337075971728704,-0.0747239641102586
"Cirsium_arvense","Lathyrus_pratensis",-0.331878694558734,0.627601130917429,32,0.147861218179348,0.364643113587909,0.0765107665061531,0.348524322611204
"Cirsium_arvense","Lolium_perenne",-0.0869360799240778,0.736488473640121,63,0.324776196858022,0.307484699747961,0.0818663512581713,0.332840734913758
"Cirsium_arvense","Lotus_corniculatus",-0.64824226385943,0.1808628216693,53,-0.233689721095065,-0.189620859275566,0.0158593576292876,-0.254471512061588
"Cirsium_arvense","Lotus_uliginosus",-1.34243215415423,-0.310105585480147,22,-0.826268869817187,-1.09861228866811,-0.274708638864368,-1.0175035287471
"Cirsium_arvense","Luzula_campestris",-1.19841156276525,-0.141178246237033,21,-0.669794904501141,-0.934803430616444,-0.308736421969657,-0.941906570728134
"Cirsium_arvense","Phleum_pratense",0.183255011920773,1.08766382491287,44,0.63545941841682,1.05444107035497,0.275756433026884,1.02147717683658
"Cirsium_arvense","Poa_trivialis",-0.229548716872589,0.590416718108691,65,0.180434000618051,0.872615668371494,0.0913953764884042,0.8449959696795
"Cirsium_arvense","Prunella_vulgaris",-0.74721264045684,0.194396648699715,31,-0.276407995878563,-0.633427945858323,-0.139230812175143,-0.654716811971652
"Cirsium_arvense","Ranunculus_acris",-0.348362785649655,0.522097964319635,87,0.0868675893349901,-0.337553902491954,-0.0643735778588696,-0.242577350299276
"Cirsium_arvense","Ranunculus_repens",0.232652289776228,1.19866004913151,102,0.715656169453868,1.60640300873895,0.0965193139196798,1.48683309430111
"Cirsium_arvense","Rumex_acetosa",-0.526012050519423,0.29647620499998,69,-0.114767922759722,-0.706219262127298,-0.0672809747037942,-0.784955634461741
"Cirsium_arvense","Stellaria_graminea",0.02618031036394,0.858863649000929,59,0.442521979682434,0.297251523467932,0.00163776896415244,0.304303345138844
"Cirsium_arvense","Taraxacum_officinale",0.188092271447372,1.03324964602404,57,0.610670958735707,-0.00696866931609332,0.0328533746047878,-0.0627253971864133
"Cirsium_arvense","Trifolium_pratense",-0.0820130998943525,0.819799864502209,41,0.368893382303928,0.140905453077238,0.143874139618981,0.153186343175804
"Cirsium_arvense","Trifolium_repens",-0.155046255613006,0.719395274391672,89,0.282174509389333,1.03407376753054,0.0973222306067173,0.944522607318726
"Cirsium_palustre","Juncus_acutiflorus",1.21732364043543,2.55795884142724,21,1.88764124093134,1.38252787832441,0.79260010302544,1.4625477029897
"Cirsium_palustre","Lotus_corniculatus",-0.266784401024466,0.732489131906807,37,0.232852365441171,0.182321556793955,0.122288987824143,0.161753959295423
"Cirsium_palustre","Lotus_uliginosus",0.191944128959762,1.23211460760279,30,0.712029368281275,1.89122026275869,0.47836488806472,1.95441150481262
"Cirsium_palustre","Poa_trivialis",-1.04256754587922,-0.0121423055551803,27,-0.527354925717201,0.415747975063748,0.0986420066981109,0.400857594225524
"Cirsium_palustre","Prunella_vulgaris",0.320728070418198,1.35425090815917,32,0.837489489288683,1.16575159150574,0.407252496314911,1.17001922648883
"Cirsium_palustre","Ranunculus_acris",-0.855003782623525,0.169647542604726,44,-0.3426781200094,-0.238411023444998,-0.00065528225350438,-0.251280470968591
"Cirsium_palustre","Ranunculus_repens",-0.0199268881477268,1.1687717612981,58,0.574422436575187,-0.56531380905006,-0.05836432400032,-0.589531454555357
"Cirsium_palustre","Rumex_acetosa",-1.09670999691346,-0.0887214758100704,32,-0.592715736361767,-0.589468751085104,-0.0215854992089681,-0.574858955374954
"Cirsium_palustre","Stellaria_graminea",-0.322352809566122,0.692453864220526,31,0.185050527327202,0.797191040333025,0.158307944720248,0.774840008871043
"Cirsium_palustre","Taraxacum_officinale",-0.324289228835531,0.70962899825363,28,0.192669884709049,0.346041687637364,0.0655734478398791,0.445176620797806
"Cirsium_palustre","Trifolium_repens",-0.367077508784473,0.694575176576434,50,0.163748833895981,-0.853489830635125,-0.051962544524785,-0.854310511846554
"Cynosurus_cristatus","Festuca_rubra",-0.315987521012385,0.722626928279841,30,0.203319703633728,0.130678323642116,0.140110523507489,0.111574052735963
"Cynosurus_cristatus","Lolium_perenne",0.188837243910587,1.22986106636186,40,0.709349155136226,0.366383758065693,0.121498250455747,0.382061903631722
"Cynosurus_cristatus","Lotus_corniculatus",0.436168472839332,1.50859192421107,45,0.972380198525199,0.291351801340743,0.129209643568855,0.216908083587308
"Cynosurus_cristatus","Lotus_uliginosus",-0.228256369470705,0.872423367808932,23,0.322083499169113,0.8754687373539,0.232933710832513,0.902779583417222
"Cynosurus_cristatus","Luzula_campestris",-0.104170322929668,1.01702727968021,22,0.456428478375269,0.395123754313432,0.161188061660388,0.40007161964547
"Cynosurus_cristatus","Plantago_lanceolata",0.551955167897517,1.68014587394548,25,1.1160505209215,0.775772200836954,0.326036784640562,0.700438291186198
"Cynosurus_cristatus","Poa_trivialis",-0.277798807036724,0.750246357389335,36,0.236223775176305,0.796004565999653,0.131433149605183,0.824596215394711
"Cynosurus_cristatus","Prunella_vulgaris",0.306109667186394,1.36638638121484,30,0.836248024200619,0.816292159357714,0.310984417849986,0.769552026097986
"Cynosurus_cristatus","Ranunculus_repens",-0.599572167034343,0.503599583919502,47,-0.0479862915574204,-0.276253376628158,0.0201846216416629,-0.19872845807932
"Cynosurus_cristatus","Rumex_acetosa",-0.400658036910688,0.638185128481022,40,0.118763545785167,0.191891007810105,-0.0270653727477773,0.158143210918154
"Cynosurus_cristatus","Stellaria_graminea",-0.632637521046269,0.433377839148587,25,-0.0996298409488413,0.506052345013333,0.116455825640315,0.436722280409715
"Cynosurus_cristatus","Trifolium_pratense",1.26981230402433,2.35995146927349,42,1.81488188664891,1.32395123054576,0.455151052284177,1.26313559672944
"Cynosurus_cristatus","Trifolium_repens",0.268869919377669,1.51383364767614,55,0.891351783526903,0.182321556793955,0.0981690124575628,0.118069681002622
"Dactylis_glomerata","Festuca_rubra",0.656830124124768,1.49564550475212,76,1.07623781443844,1.43118968102778,0.266271381748041,1.42601640408493
"Dactylis_glomerata","Geranium_dissectum",0.485238736144168,1.68082186720363,26,1.0830303016739,0.777028664540647,0.177737340917582,0.814182294420045
"Dactylis_glomerata","Lathyrus_pratensis",1.04263927231983,1.97713601775772,57,1.50988764503878,0.846798235095771,0.200999864457917,0.857803216372308
"Dactylis_glomerata","Lolium_perenne",-0.40860573738681,0.412749589690601,57,0.00207192615189545,0.114410351177744,0.097545532968951,0.137216895324916
"Dactylis_glomerata","Lotus_corniculatus",-0.39219741566578,0.42502347494844,60,0.0164130296413301,0.154150679827258,-0.0075570073568579,0.296670053880062
"Dactylis_glomerata","Lotus_uliginosus",-1.30837871980007,-0.291084653357249,23,-0.79973168657866,-0.944461608840851,-0.197089417293424,-0.940916494981793
"Dactylis_glomerata","Luzula_campestris",0.101621823964106,1.0135652611452,42,0.557593542554655,0.24747565197374,0.0545670113584416,0.209337601182174
"Dactylis_glomerata","Phleum_pratense",-0.0247854369513046,0.882726255556962,41,0.428970409302829,0.109199291964992,-0.023551156558408,0.131400619781148
"Dactylis_glomerata","Plantago_lanceolata",-0.0232106067337997,0.970895417839602,32,0.473842405552901,0.382571288242312,0.0742979956481639,0.313925848951951
"Dactylis_glomerata","Poa_trivialis",-0.0750182430068916,0.741038300792376,70,0.333010028892742,0.0528634895570678,-0.0012897116026154,0.0100672813729442
"Dactylis_glomerata","Potentilla_reptans",0.248150593719667,1.25567898953867,34,0.751914791629167,0.545227050483323,0.0929738973068384,0.443949061821069
"Dactylis_glomerata","Prunella_vulgaris",-0.729542020284488,0.203421702845183,32,-0.263060158719652,-0.715335095535307,-0.15520836828902,-0.664332831468394
"Dactylis_glomerata","Ranunculus_acris",-0.532348104042516,0.321468707956155,85,-0.10543969804318,-0.0327898228229908,-0.00179543299336238,-0.0760896317542385
"Dactylis_glomerata","Ranunculus_repens",-0.778650034390602,0.0831574080017401,84,-0.347746313194431,-0.235314086934465,0.0111264656760644,-0.148253106308091
"Dactylis_glomerata","Rumex_acetosa",0.419765539463184,1.28439253862246,92,0.852079039042824,1.93939546803412,0.167949114474461,1.95556670880188
"Dactylis_glomerata","Stellaria_graminea",0.0612518245431002,0.888680372951037,61,0.474966098747069,0.50125617274984,0.0114246555688487,0.475411802276803
"Dactylis_glomerata","Taraxacum_officinale",0.181967247401114,1.02234248237638,58,0.602154864888746,-0.0170527883827194,-0.038916319902256,-0.0329238771321219
"Dactylis_glomerata","Trifolium_pratense",-0.698854583144864,0.245841719668042,31,-0.226506431738411,-0.0363676441708748,0.048184042116115,-0.0587063536094963
"Dactylis_glomerata","Trifolium_repens",-0.749397944297563,0.0889607989013214,78,-0.330218572698121,-1.26851132546351,-0.0972608480562488,-1.38883915145945
"Dactylis_glomerata","Veronica_chamaedrys",0.268272885176212,1.40954103460478,26,0.838906959890497,0.369097463937289,0.0940321523587411,0.269017293142534
"Dactylorhiza_fuchsii","Prunella_vulgaris",1.86336293223829,4.0276191819962,24,2.94549105711724,2.3538783873816,0.603061783259446,2.44722694129028
"Dactylorhiza_fuchsii","Ranunculus_repens",-0.0341378870157298,2.12244263008719,24,1.04415237153573,0.133531392624523,-0.0557885264515391,0.171794758796238
"Eurhynchium_praelongum","Ranunculus_repens",-0.348539354550841,1.07490044073369,34,0.363180543091422,1.34855403313704,0.179161026832442,1.40277092172099
"Eurhynchium_praelongum","Rumex_acetosa",-0.520647666396393,0.72640899275248,26,0.102880663178044,-0.0523258190017398,0.0708832765423682,-0.0737529179656281
"Eurhynchium_praelongum","Taraxacum_officinale",0.0656111442094148,1.3072603477345,22,0.686435745971959,0.724695538294871,0.181209603338969,0.692713030059709
"Eurhynchium_praelongum","Trifolium_repens",-0.339847231245665,1.01236071644634,32,0.336256742600338,0.306374205463933,0.00184980359306535,0.226847638416512
"Festuca_rubra","Geranium_dissectum",-0.376632839468796,0.811308335363522,22,0.217337747947363,-0.628608659422374,-0.281983459612238,-0.543414886807285
"Festuca_rubra","Hypochaeris_radicata",0.111912232104098,1.20733674493851,32,0.659624488521302,1.29435686579421,0.391067950241829,1.39026923775208
"Festuca_rubra","Lathyrus_pratensis",0.639689766652985,1.54996093860451,61,1.09482535262875,0.64250344774119,0.184896998806125,0.667782789572857
"Festuca_rubra","Leucanthemum_vulgare",-0.152537943635077,1.03885070205417,24,0.443156379209548,0.481564451646812,0.0687683181287728,0.434243137381905
"Festuca_rubra","Lolium_perenne",-0.326440670403684,0.441102533881901,77,0.0573309317391084,0.534297979951133,0.0986070810326755,0.530123336561645
"Festuca_rubra","Lotus_corniculatus",0.726122837617444,1.51585485669021,108,1.12098884715383,0.749054812498241,0.0542506249632685,0.636242129498511
"Festuca_rubra","Lotus_uliginosus",-1.10902657770452,-0.210222399338087,35,-0.659624488521302,-0.696816909448908,-0.250915207888749,-0.69807273693698
"Festuca_rubra","Luzula_campestris",1.49342362716445,2.4763422909452,80,1.98488295905482,2.02228312783989,0.448512205416125,2.06523879765847
"Festuca_rubra","Phleum_pratense",-0.338974390722214,0.533562878612641,46,0.0972942439452136,0.109199291964992,-0.0376829330339906,0.0540320731847218
"Festuca_rubra","Plantago_lanceolata",0.120096803264544,1.0769994566497,43,0.598548129957123,0.15492258260584,0.0592847783009065,0.0993566092392884
"Festuca_rubra","Poa_trivialis",-0.943722297635057,-0.170513548299829,68,-0.557117922967443,-0.736072225276979,-0.117174765909639,-0.787537958280301
"Festuca_rubra","Potentilla_reptans",0.475879964553126,1.47484756144522,46,0.975363762999171,0.765717873394781,0.173327143462786,0.740451844573194
"Festuca_rubra","Prunella_vulgaris",-0.177671314040258,0.66370256497268,54,0.243015625466211,0.0645385211375712,0.00968752974807256,0.0265871490553008
"Festuca_rubra","Ranunculus_acris",0.0338658987071082,0.857074986736619,126,0.445470442721864,-0.0327898228229908,0.0190707900437212,-0.0913387420745716
"Festuca_rubra","Ranunculus_bulbosus",1.26588134990357,3.06987633448922,29,2.1678788421964,2.51567830845475,0.564826015387724,2.56795791939148
"Festuca_rubra","Ranunculus_repens",-1.26857460699769,-0.447300716587946,101,-0.857937661792819,-0.235314086934465,-0.031502207496707,-0.291069144254566
"Festuca_rubra","Rhytidiadelphus_squarrosus",0.0376419222480147,1.37785003771418,21,0.707745979981098,0.842182759720433,0.126560533951814,0.795733701682393
"Festuca_rubra","Rumex_acetosa",0.540267688145173,1.34040809516881,121,0.940337891656989,0.592051063688577,0.000538016656194471,0.607902658467892
"Festuca_rubra","Stellaria_graminea",0.288759145615581,1.0723323617483,84,0.680545753681941,0.0667738725393905,0.0445089771998567,0.127210722352557
"Festuca_rubra","Taraxacum_officinale",-0.606140063013389,0.202984179903031,55,-0.201577941555179,-0.23638877806423,0.0305028325347135,-0.2279294591588
"Festuca_rubra","Trifolium_pratense",0.0308233977274386,0.882440386832254,56,0.456631892279846,0.735506454399087,0.180924320455582,0.758674999902537
"Festuca_rubra","Trifolium_repens",-0.105798812202542,0.699586278927454,120,0.296893733362456,-0.244196960512042,-0.000411795268130445,-0.249806719095791
"Festuca_rubra","Veronica_chamaedrys",-0.0639961615082101,1.06100644026411,28,0.49850513937795,-0.15106901328985,-0.0693282258136851,-0.188132937675771
"Geranium_dissectum","Lolium_perenne",0.258163383168281,1.46876656821561,31,0.863464975691944,0.218689200964829,0.113484907556834,0.201573295785505
"Geranium_dissectum","Lotus_corniculatus",-0.645776686589543,0.539237776642587,22,-0.0532694549734781,-0.0741079721537218,-0.0367520241517534,-0.154686850172952
"Geranium_dissectum","Poa_trivialis",0.345895603210559,1.5988234710989,34,0.972359537154729,0.838513030831471,0.112042400418449,0.807980116698748
"Geranium_dissectum","Ranunculus_acris",-0.531174497897047,0.727904397495611,34,0.0983649497992818,0.763214743176662,0.0616001658650766,0.902244194815255
"Geranium_dissectum","Ranunculus_repens",-0.961903915570772,0.258445620996942,31,-0.351729147286915,0.913006656672965,0.0976557121562656,1.08368984514091
"Geranium_dissectum","Rumex_acetosa",-0.392163984029238,0.806866593748818,30,0.20735130485979,-0.171850256926659,0.0540503792304711,-0.236018802600657
"Geranium_dissectum","Stellaria_graminea",-0.323399970077566,0.865427982171514,22,0.271014006046974,-0.207639364778244,0.0402887309157404,-0.167719829341925
"Geranium_dissectum","Taraxacum_officinale",0.335246271162226,1.52565547238028,27,0.930450871771253,0.470003629245736,0.0319944812031123,0.456836344615334
"Geranium_dissectum","Trifolium_repens",-0.358016153699947,0.919442959971323,35,0.280713403135688,-0.162518929497775,0.00877685246385914,-0.144633309668162
"Hordeum_secalinum","Trifolium_repens",0.179995048671528,2.63168286571419,21,1.40583895719286,0.375612144958483,0.0547607077668732,0.273185926030732
"Hypochaeris_radicata","Leucanthemum_vulgare",2.15998091762043,3.51496649343923,29,2.83747370552983,1.96611285637283,0.966785709760587,1.9274423691968
"Hypochaeris_radicata","Lotus_corniculatus",0.529567803387427,1.69055154562949,41,1.11005967450846,0.514592106561468,0.0167945675440606,0.458417074261839
"Hypochaeris_radicata","Luzula_campestris",1.38145225167901,2.54282135948501,37,1.96213680558201,1.56397553835734,0.67420578671258,1.49823136382884
"Hypochaeris_radicata","Plantago_lanceolata",2.60986377050435,3.95311506468803,45,3.28148941759619,2.18617474114963,0.904453549429284,2.16861905460859
"Hypochaeris_radicata","Prunella_vulgaris",1.05320675631071,2.1905141085546,36,1.62186043243266,1.71379792775834,0.523350106298421,1.78189900473533
"Hypochaeris_radicata","Ranunculus_acris",-0.299034276626517,0.899781541539464,43,0.300373632456474,0.896088024556636,0.0541369821526645,0.884698173530568
"Hypochaeris_radicata","Ranunculus_repens",-0.453517178306691,0.749173606482234,43,0.147828214087771,1.04642653549754,-0.0759676608505957,1.11452329718294
"Hypochaeris_radicata","Rumex_acetosa",-0.800613609816617,0.288746861542216,30,-0.255933374137201,0.971350509057182,0.169405913494811,0.998026035699469
"Hypochaeris_radicata","Taraxacum_officinale",0.296675576371343,1.39702428772515,31,0.846849932048247,0.640629146276499,0.147475905509685,0.631687665332149
"Hypochaeris_radicata","Trifolium_pratense",1.14124744686299,2.28370988584357,36,1.71247866635328,1.03243038178681,0.319411463756879,1.05393241681417
"Hypochaeris_radicata","Trifolium_repens",0.133416283151605,1.42916984350261,47,0.781293063327105,-0.0173917427118692,0.0875545249142938,0.0354280009849757
"Juncus_acutiflorus","Ranunculus_acris",-0.535921869162284,0.835662532554124,29,0.14987033169592,-0.382992252256106,-0.0626199238654706,-0.32151058446401
"Juncus_acutiflorus","Ranunculus_repens",-0.793319726583331,0.557753655270564,28,-0.117783035656384,-0.213574100298059,0.0136793028099545,-0.325644213017914
"Juncus_acutiflorus","Rumex_acetosa",-0.151823952757198,1.18984636946206,28,0.51901120835243,0.0278569545029663,0.0356983044121427,-0.0257122052343196
"Juncus_conglomeratus","Lotus_corniculatus",-0.775500599635776,0.408189040021593,21,-0.183655779807091,0.441832752279039,0.0171245005314824,0.408650873737846
"Juncus_conglomeratus","Lotus_uliginosus",0.836107598605705,2.03737453942301,29,1.43674106901436,1.83355659790652,0.401392371700536,1.93327137451362
"Juncus_conglomeratus","Poa_trivialis",-0.681041972092862,0.490841736422319,23,-0.0951001178352717,0.141499562273699,0.0204747144826484,0.21486777757314
"Juncus_conglomeratus","Ranunculus_acris",-0.947633114529369,0.244153697025367,30,-0.351739708752001,-0.0840831172105414,0.00655386799961712,-0.156355695199793
"Juncus_conglomeratus","Ranunculus_repens",-0.740844685642826,0.499776547586279,34,-0.120534069028273,-1.08677783102111,-0.17942053830439,-1.03967286657791
"Juncus_conglomeratus","Rumex_acetosa",-1.05905064900193,0.113934830900265,23,-0.472557909050832,-1.18716568600955,-0.28591032608158,-1.18894102994358
"Juncus_conglomeratus","Trifolium_repens",-1.40319550600704,-0.226283983258952,24,-0.814739744632996,-1.84054963339749,-0.326505992744183,-1.89655207584124
"Juncus_effusus","Lotus_uliginosus",0.234294684349223,1.46933039713424,21,0.85181254074173,1.09319222119877,0.249412532464703,1.10904575834127
"Juncus_effusus","Ranunculus_acris",-0.740402962949527,0.520152431770596,30,-0.110125265589465,-0.295650242100958,-0.0465264591615889,-0.408443057286461
"Juncus_effusus","Ranunculus_repens",-0.989083263048345,0.262672665411781,29,-0.363205298818282,-0.624154309072994,0.00733732858415637,-0.552348859438661
"Juncus_effusus","Rumex_acetosa",-0.996910881973629,0.215626523540577,22,-0.390642179216526,0.0119285708652738,0.0659307486847224,0.0447177526872521
"Juncus_effusus","Trifolium_repens",-0.661794668832727,0.597130355010503,30,-0.0323321569111122,-0.0990909026442309,0.083090410755427,-0.130389742393979
"Lathyrus_pratensis","Lolium_perenne",-1.05753600330517,-0.125598772178879,33,-0.591567387742025,-0.104879630820476,-0.0825946661211728,-0.0748546105041487
"Lathyrus_pratensis","Lotus_corniculatus",0.0632617213349445,0.953225443705086,56,0.508243582520015,0.189620859275566,0.0858578841820386,0.23027761507846
"Lathyrus_pratensis","Lotus_uliginosus",-0.645525528214875,0.361493038543137,26,-0.142016244835869,0.641853886172395,0.139174141305086,0.649426014926183
"Lathyrus_pratensis","Luzula_campestris",0.360021906001587,1.31933735300304,38,0.839679629502315,0.934803430616444,0.318862374422162,0.940486607993549
"Lathyrus_pratensis","Phleum_pratense",-0.632451736456126,0.402995205133273,24,-0.114728265661426,0.424883193965266,0.16792280013465,0.477775447092888
"Lathyrus_pratensis","Plantago_lanceolata",0.357321085990402,1.38447158775406,31,0.870896336872229,0.937410015055082,0.295990946673188,0.866706421034475
"Lathyrus_pratensis","Poa_trivialis",-0.14407047138303,0.742141761905896,54,0.299035645261433,0.0800427076735364,0.0601068339764035,-0.0335758656170898
"Lathyrus_pratensis","Potentilla_reptans",0.489270033108001,1.53376832700766,31,1.01151918005783,1.44036158239017,0.543077656884692,1.5007601412724
"Lathyrus_pratensis","Prunella_vulgaris",-0.388860709247868,0.586239462929475,30,0.0986893768408039,-0.104710954089031,0.0024765338669264,-0.214529464068762
"Lathyrus_pratensis","Ranunculus_repens",-1.10188610450814,-0.184542948196424,59,-0.643214526352284,-0.474457979595116,0.0241924415214421,-0.381159890455403
"Lathyrus_pratensis","Rumex_acetosa",0.527657244213298,1.50398341022908,75,1.01582032722119,0.706219262127298,0.128668061405187,0.761882813711083
"Lathyrus_pratensis","Stellaria_graminea",0.75754015010004,1.67387828580215,62,1.21570921795109,1.01473080468741,0.242151500787071,1.01309975564256
"Lathyrus_pratensis","Taraxacum_officinale",-0.575735322974584,0.365582554200047,33,-0.105076384387269,0.214775301643693,0.0908168509444908,0.294592949991628
"Lathyrus_pratensis","Trifolium_pratense",-0.0467692346312905,0.912497399223848,34,0.432864082296279,0.405465108108164,0.189864531279594,0.365759119204679
"Lathyrus_pratensis","Trifolium_repens",-0.820520356217021,0.0843680114589537,59,-0.368076172379034,0.563094052311747,0.106309988471342,0.619440011725437
"Lathyrus_pratensis","Veronica_chamaedrys",0.866692223488169,2.03032286775476,28,1.44850754562146,1.28093384546206,0.454164744667165,1.4039227551854
"Leucanthemum_vulgare","Lotus_corniculatus",0.399834118996456,1.65876685855931,33,1.02930048877788,0.679901953809925,-0.11853173203421,0.773565480999133
"Leucanthemum_vulgare","Luzula_campestris",0.853832597689559,2.07671952378311,26,1.46527606073633,1.68948062010764,0.600258962089854,1.68156170153515
"Leucanthemum_vulgare","Plantago_lanceolata",2.07668630723282,3.42876587905424,34,2.75272609314353,2.12823170584927,0.998654336659818,2.12149300856011
"Leucanthemum_vulgare","Prunella_vulgaris",1.1949743298511,2.46054903635029,32,1.82776168310069,2.18195710520543,0.622113103707553,2.29320844849206
"Leucanthemum_vulgare","Ranunculus_acris",0.406196413672666,2.0580909489126,42,1.23214368129263,0.544111601399457,0.0459056160667095,0.659043507703734
"Leucanthemum_vulgare","Rumex_acetosa",-1.17219293429046,0.0273556649428529,21,-0.572418634673805,0.593517339611104,0.0397919431099476,0.665674638423915
"Leucanthemum_vulgare","Trifolium_pratense",0.615558785280826,1.82835182847191,25,1.22195530687637,1.09861228866811,0.421987523119681,1.0760926303993
"Leucanthemum_vulgare","Trifolium_repens",-0.583147974728461,0.663185782654966,32,0.0400189039632526,0.190353728491219,0.0911551330768454,0.314833763370306
"Lolium_perenne","Lotus_corniculatus",-0.894024798339411,-0.130736358821497,73,-0.512380578580454,-0.244196960512042,-0.00853244214798521,-0.294406362966271
"Lolium_perenne","Lotus_uliginosus",-1.54975466188515,-0.62584808324264,31,-1.08780137256389,-2.46915829281986,-0.316507155033253,-2.53616136221362
"Lolium_perenne","Luzula_campestris",-1.22911433155451,-0.298928708738694,32,-0.764021520146602,0.0983649497992818,0.0675425507099476,0.147459145000877
"Lolium_perenne","Phleum_pratense",0.420682047250408,1.29421841645204,66,0.857450231851222,0.506675010039678,0.219353415906114,0.531182957408307
"Lolium_perenne","Poa_trivialis",0.0423913705513944,0.797139945949327,102,0.419765658250361,0.818697245553988,0.114485023936038,0.81384224199329
"Lolium_perenne","Potentilla_reptans",-1.01552780828912,0.0118676865742977,26,-0.501830060857413,0.0266682470821613,-0.0912409748864582,-0.0427727885828946
"Lolium_perenne","Prunella_vulgaris",-1.22904478872143,-0.343810280424697,37,-0.786427534573063,-1.0171968971826,-0.25173076718836,-0.977525575870409
"Lolium_perenne","Ranunculus_acris",-0.471105598100023,0.320184001763174,125,-0.0754607981684248,-0.460524885291192,-0.0454962360702859,-0.465616463404365
"Lolium_perenne","Ranunculus_bulbosus",0.531992412605083,2.05072431299081,25,1.29135836279795,0.933532538308661,0.194702872092016,0.905551028428665
"Lolium_perenne","Ranunculus_repens",-0.17001041553274,0.648385860559081,138,0.23918772251317,-0.0186921330121525,0.0432116054574462,0.137400609678385
"Lolium_perenne","Rumex_acetosa",-0.658428522807306,0.0969653895567908,99,-0.280731566625258,0.52521436121809,0.0514628994590243,0.638592719494779
"Lolium_perenne","Stellaria_graminea",-1.08674961626123,-0.291305804268184,56,-0.689027710264707,-0.596520344870874,-0.00546784599561289,-0.609880388745204
"Lolium_perenne","Taraxacum_officinale",-0.174549625947648,0.614418933118825,71,0.219934653585589,0.720347406859102,0.114922462885615,0.665782359591189
"Lolium_perenne","Trifolium_pratense",0.000938824966722429,0.847259550339392,60,0.424099187653057,1.22459209152867,0.267189458697781,1.22566269183107
"Lolium_perenne","Trifolium_repens",0.728703713280573,1.57774992506407,151,1.15322681917232,2.65675690671466,0.189889114829854,2.70791663303772
"Lolium_perenne","Veronica_serpyllifolia",-0.612972338182491,0.586481884682449,21,-0.0132452267500207,-0.338975366839331,-0.166237232177518,-0.384648242169532
"Lotus_corniculatus","Lotus_uliginosus",-0.443006365890493,0.392412072662852,55,-0.0252971466138204,1.38252787832441,0.1125066434576,1.38784301693129
"Lotus_corniculatus","Luzula_campestris",1.69707211250946,2.78652573044059,89,2.24179892147502,1.59601489210196,0.166256406542785,1.62092740228437
"Lotus_corniculatus","Phleum_pratense",-0.706518876516228,0.16304606792352,45,-0.271736404296354,0.229008670766608,0.0594010736512522,0.239747312679311
"Lotus_corniculatus","Plantago_lanceolata",0.842698609672574,1.87961816602412,60,1.36115838784835,1.44435816207465,0.16321043692954,1.52080345775072
"Lotus_corniculatus","Poa_trivialis",-1.1527186312891,-0.388572672443407,74,-0.770645651866254,-0.584933595919713,-0.0614461946077602,-0.550227413085215
"Lotus_corniculatus","Potentilla_reptans",0.179610898807245,1.17252240407702,46,0.676066651442134,1.7353181583231,0.174776468327551,1.81218375414285
"Lotus_corniculatus","Prunella_vulgaris",0.575899167337108,1.43240104370812,78,1.00415010552261,0.636259806157894,-0.0160702100193459,0.626850080086825
"Lotus_corniculatus","Ranunculus_acris",0.0179120654183902,0.817530486685249,143,0.41772127605182,1.05480966600972,0.0460735927696709,0.918100606731827
"Lotus_corniculatus","Rhytidiadelphus_squarrosus",0.976816673019982,2.66386084600942,31,1.8203387595147,1.51982575374441,0.209301922703672,1.48873656783794
"Lotus_corniculatus","Rumex_acetosa",0.19191796979407,0.953905662360754,127,0.572911816077412,1.21841348848073,0.114661916156049,1.20503077711435
"Lotus_corniculatus","Stellaria_graminea",0.237652264940836,1.01166104824338,93,0.624656656592108,1.45528723260684,0.149642934726795,1.46263506623721
"Lotus_corniculatus","Taraxacum_officinale",-0.625264574838501,0.16660415168137,63,-0.229330211578565,-0.547383219499788,-0.0511672607040429,-0.548108829088816
"Lotus_corniculatus","Trifolium_pratense",0.829858390708957,1.72319380557172,80,1.27652609814034,1.04252282201707,0.166345288899022,1.08171113295163
"Lotus_corniculatus","Trifolium_repens",0.425603587740457,1.23771155227097,150,0.831657570005711,-1.05961013086484,-0.0174283044489627,-0.995967920523107
"Lotus_corniculatus","Veronica_chamaedrys",0.228894013736242,1.38312520000289,35,0.806009606869566,1.05939157551483,0.20391445836919,1.103230583727
"Lotus_corniculatus","Veronica_serpyllifolia",0.690112099005217,2.01997153622636,36,1.35504181761579,1.08845991720409,0.0952409168029226,1.04850282191887
"Lotus_uliginosus","Luzula_campestris",-0.673810152206785,0.317483058916203,27,-0.178163546645291,0.214775301643693,-0.00460339420055665,0.229154038092257
"Lotus_uliginosus","Plantago_lanceolata",0.234403819604882,1.22860261189886,34,0.731503215751873,0.526093095896779,0.12063774990935,0.614273665044784
"Lotus_uliginosus","Poa_trivialis",-0.509162173524118,0.324503070191744,56,-0.0923295516661871,-0.133531392624523,-0.0349041586902602,-0.217298404495692
"Lotus_uliginosus","Potentilla_reptans",-0.427977344142406,0.64845635036008,23,0.110239503108837,-0.0540672212702758,-0.0238409294390144,-0.0578976271950119
"Lotus_uliginosus","Prunella_vulgaris",0.127409128914064,1.01972537899445,45,0.573567253954255,0.337256858081631,0.0895074568318987,0.324272871789803
"Lotus_uliginosus","Ranunculus_acris",-0.305007911363085,0.582300897945671,84,0.138646493291293,1.3758230612526,0.0628229245708889,1.37944911869896
"Lotus_uliginosus","Rumex_acetosa",-0.65568968475606,0.177905868191362,63,-0.238891908282349,-0.0746908926015892,-0.0010007978002159,-0.102047204288905
"Lotus_uliginosus","Stellaria_graminea",-0.525102247376351,0.334789556409182,45,-0.0951563454835847,0.435510286539552,0.0659932009317863,0.391425935878369
"Lotus_uliginosus","Taraxacum_officinale",-0.986188032489127,-0.062507265706802,32,-0.524347649097965,-0.598588597934933,-0.0812152790885407,-0.602034031828162
"Lotus_uliginosus","Trifolium_pratense",-0.100448741112868,0.813165617432587,39,0.35635843815986,-0.341170757402767,-0.00291268972669158,-0.378425489340221
"Luzula_campestris","Plantago_lanceolata",1.12388977039314,2.13642870010157,44,1.63015923524735,1.39157141822073,0.473438819961587,1.3818961105506
"Luzula_campestris","Poa_trivialis",-1.26842626187557,-0.356175774824647,35,-0.812301018350107,-1.12330490125848,-0.189227189865646,-1.09314703295207
"Luzula_campestris","Potentilla_reptans",0.462662396460645,1.49670646993094,32,0.979684433195793,1.22609472141321,0.480969073857964,1.22726260711713
"Luzula_campestris","Prunella_vulgaris",0.278330417264235,1.19675185394586,43,0.737541135605049,1.01856958099457,0.36367511498783,0.986101772342364
"Luzula_campestris","Ranunculus_acris",0.0690067971784628,1.04619657994898,81,0.557601688563721,1.87180217690159,0.122978672261507,1.83001267491196
"Luzula_campestris","Ranunculus_repens",-1.44694418954835,-0.547051151900759,56,-0.996997670724554,-2.484906649788,-0.173165736114406,-2.53303827233864
"Luzula_campestris","Rhytidiadelphus_squarrosus",1.3035704198388,2.72808833096599,25,2.0158293754024,1.32745386109696,0.520299669241452,1.30660992129705
"Luzula_campestris","Rumex_acetosa",0.0608355234345377,0.959030806531404,70,0.509933164982971,1.07121331448,0.0549890414261242,1.17959676648769
"Luzula_campestris","Stellaria_graminea",0.10544612647163,0.983112139922598,52,0.544279133197114,0.554996842079128,0.0905824551105462,0.548690322302218
"Luzula_campestris","Taraxacum_officinale",-0.45079213839742,0.462758716621297,37,0.00598328911193834,0.214775301643693,0.00189180344890143,0.155422655388045
"Luzula_campestris","Trifolium_pratense",0.65373540700585,1.57748432306751,48,1.11560986503668,1.3634100672863,0.484846639926241,1.38139000084749
"Luzula_campestris","Trifolium_repens",-0.118865979105182,0.817708401029213,76,0.349421210962016,-0.234839591077401,-0.0181279322942225,-0.238304599538471
"Phleum_pratense","Poa_trivialis",0.689654417513082,1.59570443569452,76,1.1426794266038,1.77563008729817,0.280127119662431,1.73100309195128
"Phleum_pratense","Prunella_vulgaris",-0.889863290212775,0.116201233086232,25,-0.386831028563271,0.215844248832598,0.0349676606365053,0.150267443754312
"Phleum_pratense","Ranunculus_acris",-0.80605401907226,0.0790924315748814,67,-0.363480793748689,0.0741079721537218,0.0889714403546402,0.0696173053085273
"Phleum_pratense","Ranunculus_repens",-0.0929336060234299,0.876775372024244,84,0.391920883000407,0.843429383609283,0.054984942308006,0.696537012639224
"Phleum_pratense","Rumex_acetosa",-0.629868425422137,0.228918922419143,58,-0.200474751501497,0.388515549794391,0.0432942375629575,0.376766733856907
"Phleum_pratense","Stellaria_graminea",-0.429572004276183,0.451137391130769,43,0.0107826934272928,-0.533758144071098,-0.127782219200836,-0.544959494728878
"Phleum_pratense","Taraxacum_officinale",-0.0925990332332312,0.791951103612698,45,0.349676035189733,-0.00230149698827927,0.0528528215014556,0.0560079935262179
"Phleum_pratense","Trifolium_pratense",-0.733362771599013,0.266877968018191,26,-0.233242401790411,0.226773319364789,0.0785765104219036,0.141794252016722
"Phleum_pratense","Trifolium_repens",0.00746795234193631,0.946077783370669,81,0.476772867856303,1.89711998488588,0.0660998126221783,1.86053732700158
"Plantago_lanceolata","Poa_trivialis",-1.00853425928696,-0.0308333963749075,31,-0.519683827830935,-0.718464988544235,-0.135166897259205,-0.733556290863153
"Plantago_lanceolata","Prunella_vulgaris",1.23598642912996,2.24617277760491,50,1.74107960336744,1.59653450759819,0.474943793931262,1.56998728833839
"Plantago_lanceolata","Ranunculus_repens",-0.51014084403119,0.516925738741838,58,0.00339244735532416,-0.624154309072994,-0.0291228523052193,-0.489539724969431
"Plantago_lanceolata","Rumex_acetosa",-0.39736194389435,0.561309109813695,48,0.0819735829596726,0.814011882753737,0.177373050249303,0.813211140670997
"Plantago_lanceolata","Stellaria_graminea",-0.367130432805181,0.602696504117948,34,0.117783035656383,0.72676379135893,0.210700127532603,0.832696395166015
"Plantago_lanceolata","Taraxacum_officinale",-0.151327894736118,0.824756570861916,34,0.336714338062899,0.526093095896779,0.128667153430755,0.507243940196436
"Plantago_lanceolata","Trifolium_pratense",1.07956131017856,2.08207030153961,46,1.58081580585909,1.34915481417043,0.578959903554774,1.3945052735931
"Plantago_lanceolata","Trifolium_repens",-0.445540501246511,0.551765277129229,55,0.053112387941359,-0.0990909026442309,-0.0774163047976953,-0.0912960796731881
"Poa_trivialis","Potentilla_reptans",-0.604121136501064,0.377835824301301,35,-0.113142656099881,-0.606135803570316,-0.158992957978407,-0.62458442427048
"Poa_trivialis","Prunella_vulgaris",-1.45395312992852,-0.568185923559524,37,-1.01106952674402,-0.887303195000903,-0.128354067610438,-0.855852593777308
"Poa_trivialis","Ranunculus_acris",-0.623923410643206,0.16233227981876,133,-0.230795565412223,-0.95941515850791,0.00341763446426174,-1.00264960194231
"Poa_trivialis","Ranunculus_repens",-0.10331598067018,0.707394036779164,152,0.302039028054492,0.405465108108164,-0.055146904618061,0.434867308322988
"Poa_trivialis","Rumex_acetosa",-0.614643945695876,0.13523741098942,110,-0.239703267353228,-0.491777428795296,-0.0271548147872832,-0.599019660000004
"Poa_trivialis","Stellaria_graminea",-0.1245728125708,0.64210016523449,87,0.258763676331845,0.20430046351273,0.0198692473512472,0.197196424246788
"Poa_trivialis","Taraxacum_officinale",-0.462209968850537,0.323352955987011,70,-0.0694285064317629,-0.133531392624523,0.00985290990162909,-0.136247054853748
"Poa_trivialis","Trifolium_pratense",-0.689328935178788,0.159999530048723,50,-0.264664702565032,-0.624154309072994,-0.0919627559161123,-0.577673626640072
"Poa_trivialis","Trifolium_repens",-0.445422325388333,0.332197896461129,134,-0.056612214463602,-0.0512932943875506,-0.0674193511226213,-0.0220352451779784
"Poa_trivialis","Veronica_chamaedrys",0.217358071754079,1.38138071587643,36,0.799369393815253,1.51846613422837,0.279001892107305,1.47832319881762
"Potentilla_reptans","Prunella_vulgaris",-0.284023543912463,0.772925627297154,25,0.244451041692346,0.233922685569037,0.0301690512155151,0.272840318737322
"Potentilla_reptans","Ranunculus_acris",-0.215865688965286,0.859567625099348,56,0.321850968067031,1.51982575374441,0.113379813902535,1.46112852773411
"Potentilla_reptans","Ranunculus_repens",-1.43072392609619,-0.430846429953028,40,-0.930785178024608,-1.36760222810774,-0.178646432535118,-1.35339355479623
"Potentilla_reptans","Rumex_acetosa",-0.262028945721285,0.733702631908547,47,0.235836843093631,-0.0219789067187752,-0.0020018634419478,0.0243892332796371
"Potentilla_reptans","Stellaria_graminea",0.221710346525386,1.20851450021439,41,0.715112423369886,0.551647618286246,0.0301153600319563,0.514884921168876
"Potentilla_reptans","Trifolium_repens",-0.658585197101334,0.349725879569018,48,-0.154429658766158,-0.22314355131421,0.048305707136601,-0.36079318284623
"Prunella_vulgaris","Ranunculus_acris",0.117658414926254,1.04793983185591,93,0.58279912339108,1.37190562366779,0.0902555769931655,1.41604649695241
"Prunella_vulgaris","Ranunculus_repens",-0.115813816358989,0.813521296826425,92,0.348853740233718,-0.593063722002963,-0.0140746117419282,-0.633732702934776
"Prunella_vulgaris","Rhytidiadelphus_squarrosus",1.20078664607526,2.64234072684605,26,1.92156368646066,1.65167067605737,0.539777230882141,1.67062260147324
"Prunella_vulgaris","Rumex_acetosa",-0.409261504725867,0.424930303391089,69,0.00783439933261059,0.499150592185487,0.0542552316361638,0.523911816759825
"Prunella_vulgaris","Stellaria_graminea",-0.396128519516835,0.455631420742427,48,0.0297514506127957,0.0212022076506029,0.0279598665905586,-0.0405761963639935
"Prunella_vulgaris","Taraxacum_officinale",0.0877369934135981,0.942602143083394,53,0.515169568248496,-0.0741079721537218,-0.0174091526016087,-0.147809198486297
"Prunella_vulgaris","Trifolium_pratense",0.682358707534538,1.57900490456639,54,1.13068180605046,0.972903187739306,0.199722383096174,0.966710204117753
"Prunella_vulgaris","Trifolium_repens",0.263635614091278,1.19923933715388,94,0.73143747562258,0.182321556793955,0.0495447827740452,0.138088225026136
"Prunella_vulgaris","Veronica_serpyllifolia",0.722783683796955,1.93827033126968,27,1.33052700753332,1.33368441084759,0.424143455579644,1.33868933215031
"Ranunculus_acris","Ranunculus_repens",-0.179994257731722,0.658623561521017,208,0.239314651894648,0.265107750413242,0.0879743589416067,0.201219668582727
"Ranunculus_acris","Rumex_acetosa",0.738089161834784,1.55405011952999,191,1.14606964068239,0.467023001107598,-0.01443447402619,0.533273115031745
"Ranunculus_acris","Stellaria_graminea",-0.207002528094345,0.608402062779099,117,0.200699767342377,0.864997437486605,0.110013759286276,0.875108536292324
"Ranunculus_acris","Taraxacum_officinale",-0.16813041834337,0.672762588244463,106,0.252316084950546,0.806475865866949,0.0963481085992421,0.764079178586911
"Ranunculus_acris","Trifolium_pratense",1.07862527928484,2.27795556710266,104,1.67829042319375,1.17272026082183,0.119980980135407,1.21701428013579
"Ranunculus_acris","Trifolium_repens",0.341456751771887,1.15347108218455,207,0.747463916978219,0.86148249537916,0.032303592558427,0.936788677187601
"Ranunculus_acris","Veronica_serpyllifolia",-0.661967499642005,0.586003209508655,32,-0.037982145066675,0.514664400073156,0.030979761531986,0.490612977532285
"Ranunculus_bulbosus","Rumex_acetosa",-0.135548600371504,1.34373940625959,24,0.604095402944043,-0.0630581359671369,0.117084928146973,0.00524332673985921
"Ranunculus_bulbosus","Trifolium_repens",0.144848047132557,1.9480665462336,29,1.04645729668308,0.978811088855489,0.058312887380483,0.884755348341703
"Ranunculus_repens","Rumex_acetosa",-0.421473393132044,0.387245300215573,170,-0.0171140464582357,0.297834443915799,0.0683738724167876,0.219800793382759
"Ranunculus_repens","Rumex_obtusifolius",-0.310942009801783,1.40900009546893,26,0.549029042833575,0.693147180559945,0.051745634759463,0.712402132188555
"Ranunculus_repens","Senecio_jacobaea",-0.505975423784766,1.14737510674567,24,0.320699841480454,-0.213574100298059,-0.000858147818591072,-0.230585547547697
"Ranunculus_repens","Stellaria_graminea",0.249061583548574,1.12213836630055,132,0.685599974924562,0.624154309072994,-0.0138121513907984,0.53742029657138
"Ranunculus_repens","Taraxacum_officinale",-0.0460678597893792,0.828243587097291,113,0.391087863653956,1.60070423246535,0.136943248930459,1.60474174130332
"Ranunculus_repens","Trifolium_dubium",-0.273159151073953,1.71208812882859,22,0.719464488877319,0.0139862419747399,0.0837498246168252,-0.00078548429142679
"Ranunculus_repens","Trifolium_pratense",0.00599391008680683,0.970382434727229,90,0.488188172407018,-0.793230639116928,-0.0924075216866724,-0.843292712065585
"Ranunculus_repens","Trifolium_repens",0.436658608966525,1.26554168370736,217,0.851100146336942,1.37230811914515,-0.03378041855192,1.33990614494639
"Ranunculus_repens","Veronica_chamaedrys",0.0977419376570091,1.52939038252694,46,0.813566160091973,0.154150679827258,0.0149753000046481,0.165900233201656
"Ranunculus_repens","Veronica_serpyllifolia",0.260130562581895,1.91432337030407,42,1.08722696644298,0.688233165757516,0.0404211113137722,0.777397977589916
"Ranunculus_repens","Vicia_tetrasperma",-0.663683711936857,1.01693078329549,21,0.176623535679317,-0.693147180559945,-0.148107560686668,-0.760269931627775
"Rhytidiadelphus_squarrosus","Rumex_acetosa",-0.340678116461194,1.0341990902243,24,0.346760486881554,0.0278569545029663,-0.0384981882636939,-0.0129770960808857
"Rhytidiadelphus_squarrosus","Trifolium_repens",-0.279762460404356,1.21976971889583,28,0.470003629245736,1.05961013086484,0.162254466985146,1.03528203622041
"Rumex_acetosa","Stellaria_graminea",0.70542788009676,1.52485530114188,122,1.11514159061932,1.6277870511023,0.178203797807605,1.56284435401744
"Rumex_acetosa","Taraxacum_officinale",-0.529636798111857,0.2575739495782,81,-0.136031424266829,-0.87428600510485,-0.0641048451883676,-0.89914502003649
"Rumex_acetosa","Trifolium_pratense",0.210192697853844,1.09146016045485,79,0.650826429154348,0.593063722002963,0.0553057009688294,0.600364510691903
"Rumex_acetosa","Trifolium_repens",-0.563747977996189,0.220726696616711,155,-0.171510640689739,-0.105360515657826,-0.039434247933148,-0.0882211637916764
"Rumex_acetosa","Veronica_chamaedrys",-0.246254692990841,0.907032856326456,35,0.330389081667807,-0.403680986314663,-0.123043659808305,-0.390253781576241
"Rumex_acetosa","Veronica_serpyllifolia",-0.797033486803971,0.391433310528981,25,-0.202800088137495,-0.776528789498996,-0.138090997783082,-0.765698774663891
"Senecio_jacobaea","Trifolium_repens",-0.430102794448001,1.16263647723215,23,0.366266841392073,-0.405465108108164,-0.0843485927133758,-0.291597426862568
"Stellaria_graminea","Taraxacum_officinale",-0.536036711902989,0.274983969218836,55,-0.130526371342077,0.205443974214809,0.0505500053379205,0.18616528101085
"Stellaria_graminea","Trifolium_pratense",-0.239703396251682,0.619302229664096,49,0.189799416706207,0.386122145265033,0.0191806994979102,0.347064371728021
"Stellaria_graminea","Trifolium_repens",-0.261477262907866,0.542280799916907,113,0.140401768504521,0.099090902644231,-0.048923202160523,0.0725218214157465
"Stellaria_graminea","Veronica_chamaedrys",1.26484838306027,2.57596796800879,43,1.92040817553453,1.84710956431122,0.399672145228837,1.88291646159617
"Taraxacum_officinale","Trifolium_pratense",0.148445799072578,1.01429181702405,52,0.581368808048313,0.481838086892738,0.0458798485303981,0.511239298003433
"Taraxacum_officinale","Trifolium_repens",0.687566083297462,1.61025082288281,122,1.14890845309014,0.853489830635125,0.0450345161308602,0.946035064126651
"Taraxacum_officinale","Veronica_chamaedrys",-0.413501512629761,0.747374788538711,21,0.166936637954475,0.640629146276499,0.156407688656825,0.661649618522109
"Taraxacum_officinale","Veronica_serpyllifolia",0.468853743486898,1.67755140279859,28,1.07320257314274,1.30035193131917,0.310948923732198,1.26324914642416
"Trifolium_pratense","Trifolium_repens",1.24554339990859,2.47793269617094,105,1.86173804803977,2.63273486387577,0.192428080749605,2.59791986183169
"Trifolium_repens","Veronica_chamaedrys",-0.163291491267506,1.08936141112679,41,0.463034959929642,0.562118918153541,0.152134687174867,0.63741334123444
"Trifolium_repens","Veronica_serpyllifolia",1.10342687402967,3.47388770846949,46,2.28865729124958,1.10553273151268,0.111869123539792,1.06689657598982
